/combat_teams/combat_team_dwarves,combat_team_dwarves,4d606d8f2016dfc4,3443.889,0,482.866,0,180,0,0,0,0,MakeThemGroupStrengthFixed.GroupStrength=5
/combat_teams/combat_team_dwarves_with_dlg,combat_team_dwarves_with_dlg,94970602002bcf1,3417.304,0,508.187,0,180,0,0,0,0,MakeThemGroupStrengthFixed.GroupStrength=5
/combat_teams/combat_team_elves,combat_team_elves,7fb472ec2624cbd9,3490.168,0,429.896,0,180,0,0,0,0,MakeThemGroupStrengthFixed.GroupStrength=5
/combat_teams/combat_team_elves_with_dlg,combat_team_elves_with_dlg,26d85605266cfca0,3398.609,0,487.122,0,180,0,0,0,0,MakeThemGroupStrengthFixed.GroupStrength=5
/combat_teams/combat_team_horses,combat_team_horses,1b43f6d232921ca1,3419.736,0,463.629,0,180,0,0,0,0,MakeThemGroupStrengthFixed.GroupStrength=5
/combat_teams/combat_team_humans,combat_team_humans,11405086263a68cd,3440.455,0,416.404,0,180,0,0,0,0,MakeThemGroupStrengthFixed.GroupStrength=5
/combat_teams/combat_team_humans_with_dlg,combat_team_humans_with_dlg,103f15e72388c9a8,3442.034,0,441.222,0,180,0,0,0,0,MakeThemGroupStrengthFixed.GroupStrength=5
/combat_teams/combat_team_melee,combat_team_melee,234ddcae1de12cb5,3503.17,0,500.713,0,220,0,0,0,0,MakeThemGroupStrengthFixed.GroupStrength=5
/combat_teams/combat_team_melee_with_dlg,combat_team_melee_with_dlg,6e121407064a87a0,3452.058,0,518.319,0,180,0,0,0,0,MakeThemGroupStrengthFixed.GroupStrength=5
/combat_teams/combat_team_peasant,combat_team_peasant,7f4bbb6136d0a245,3461.08,0,492.278,0,180,0,0,0,0,MakeThemGroupStrengthFixed.GroupStrength=5
/combat_teams/combat_team_peasant_with_dlg,combat_team_peasant_with_dlg,16905e2c7d6b92f2,3471.604,0,469.302,0,180,0,0,0,0,MakeThemGroupStrengthFixed.GroupStrength=5
/combat_teams/combat_team_range,combat_team_range,5f3d936d61ee42c3,3499.856,0,465.888,0,180,0,0,0,0,MakeThemGroupStrengthFixed.GroupStrength=5
/combat_teams/combat_team_range_with_dlg,combat_team_range_with_dlg,143ddff02c4a23cf,3524.423,0,465.888,0,180,0,0,0,0,MakeThemGroupStrengthFixed.GroupStrength=5
/combat_teams/combat_team_scorplings,combat_team_scorplings,3fdbcd532dca2536,3529.48,0,483.311,0,180,0,0,0,0,MakeThemGroupStrengthFixed.GroupStrength=5
/combat_teams/combat_team_sheeps,combat_team_sheeps,36da4d1c43070f3e,3467.408,0,409.025,0,180,0,0,0,0,MakeThemGroupStrengthFixed.GroupStrength=5
/combat_teams/combat_team_western,combat_team_western,302f11ae5512df77,3477.132,0,450.715,0,180,0,0,0,0,MakeThemGroupStrengthFixed.GroupStrength=5
/combat_teams/combat_team_western_dwarves,combat_team_western_dwarves,70eed4eb11d1bccd,3483.522,0,495.122,0,180,0,0,0,0,MakeThemGroupStrengthFixed.GroupStrength=5
/combat_teams/combat_team_western_melee,combat_team_western_melee,4420e210148148ca,3485.436,0,516.911,0,180,0,0,0,0,MakeThemGroupStrengthFixed.GroupStrength=5
/combat_teams/combat_team_western_range,combat_team_western_range,64e313c92335d872,3453.276,0,461.174,0,180,0,0,0,0,MakeThemGroupStrengthFixed.GroupStrength=5
/entrances/entrance,entrance,4249daa771a86b4a,415.5,0,331.5,0,0,0,0,0,0,accessibleByScript;TileArea.Tiles=135 107#135 108#135 109#135 110#135 111#135 112#135 113#136 107#136 108#136 109#136 110#136 111#136 112#136 113#137 107#137 108#137 109#137 110#137 111#137 112#137 113#138 107#138 108#138 109#138 110#138 111#138 112#138 113#139 107#139 108#139 109#139 110#139 111#139 112#139 113#140 107#140 108#140 109#140 110#140 111#140 112#140 113#141 107#141 108#141 109#141 110#141 111#141 112#141 113;Teleport.Target=Entity||entrances/entrance_outside|
/entrances/entrance_outside,entrance_outside,7980ef1f2cc2c181,3361.26,0,356.96,0,40,0,0,0,0,accessibleByScript;Teleport.Target=Entity||entrances/entrance|
/gimmick_arcanium,gimmick_arcanium,305f1cb710b264de,508.5,0,523.5,0,180,0,0,0,0,owner=SinglePlayer
/gimmick_arcanium,gimmick_arcanium,7d12c08a1701459a,508.5,0,532.5,0,180,0,0,0,0,owner=SinglePlayer
/gimmick_crypta,gimmick_crypta,103fc153728350b0,475.309,0,466.679,0,180,0,0,0,0,owner=SinglePlayer
/gimmick_crypta,gimmick_crypta,1074c8067da11a2d,517.582,0,460.006,0,180,0,0,0,0,owner=SinglePlayer
/gimmick_crypta,gimmick_crypta,10c276067f3a6609,542.539,0,447.759,0,180,0,0,0,0,owner=SinglePlayer
/gimmick_crypta,gimmick_crypta,11c228a7044b3679,493.55,0,423.295,0,180,0,0,0,0,owner=SinglePlayer
/gimmick_crypta,gimmick_crypta,123427590ad25175,475.55,0,417.295,0,180,0,0,0,0,owner=SinglePlayer
/gimmick_crypta,gimmick_crypta,125e903e00e276d7,511.549,0,417.295,0,180,0,0,0,0,owner=SinglePlayer
/gimmick_crypta,gimmick_crypta,12b7f20a783b6e04,499.55,0,435.295,0,180,0,0,0,0,owner=SinglePlayer
/gimmick_crypta,gimmick_crypta,130bc25c586dc40d,475.128,0,460.333,0,180,0,0,0,0,owner=SinglePlayer
/gimmick_crypta,gimmick_crypta,15dfbc6405a8bd6c,457.5,0,450.02,0,180,0,0,0,0,owner=SinglePlayer
/gimmick_crypta,gimmick_crypta,16066047613351b6,560.256,0,470.899,0,180,0,0,0,0,owner=SinglePlayer
/gimmick_crypta,gimmick_crypta,16b2739e62cb8838,493.309,0,472.679,0,180,0,0,0,0,owner=SinglePlayer
/gimmick_crypta,gimmick_crypta,16e4b2a97bc9f50e,499.309,0,472.679,0,180,0,0,0,0,owner=SinglePlayer
/gimmick_crypta,gimmick_crypta,183da8891e40fe99,469.138,0,418.002,0,180,0,0,0,0,owner=SinglePlayer
/gimmick_crypta,gimmick_crypta,18f5d0e37e6ffa9c,493.39,0,448.115,0,180,0,0,0,0,owner=SinglePlayer
/gimmick_crypta,gimmick_crypta,1980433b7f39c85a,530.539,0,423.759,0,180,0,0,0,0,owner=SinglePlayer
/gimmick_crypta,gimmick_crypta,1a3c79ed5d819267,548.539,0,441.759,0,180,0,0,0,0,owner=SinglePlayer
/gimmick_crypta,gimmick_crypta,1b059e3c68ba034d,530.539,0,417.759,0,180,0,0,0,0,owner=SinglePlayer
/gimmick_crypta,gimmick_crypta,1b702cb9664616be,457.18,0,456.02,0,180,0,0,0,0,owner=SinglePlayer
/gimmick_crypta,gimmick_crypta,1c2fb03b3a854497,560.256,0,464.899,0,180,0,0,0,0,owner=SinglePlayer
/gimmick_crypta,gimmick_crypta,1c341cbd1d2ab442,469.138,0,466.002,0,180,0,0,0,0,owner=SinglePlayer
/gimmick_crypta,gimmick_crypta,1cc6b8e267c8177a,530.539,0,453.759,0,180,0,0,0,0,owner=SinglePlayer
/gimmick_crypta,gimmick_crypta,1cf3dafa195452b3,456.513,0,430.55,0,180,0,0,0,0,owner=SinglePlayer
/gimmick_crypta,gimmick_crypta,1e278acb2921e40a,572.409,0,428.948,0,180,0,0,0,0,owner=SinglePlayer
/gimmick_crypta,gimmick_crypta,1e7a238707a6b3e9,530.539,0,435.759,0,180,0,0,0,0,owner=SinglePlayer
/gimmick_crypta,gimmick_crypta,1faef48750be4600,499.582,0,442.006,0,180,0,0,0,0,owner=SinglePlayer
/gimmick_crypta,gimmick_crypta,20445af80dfe6eb2,572.409,0,416.948,0,180,0,0,0,0,owner=SinglePlayer
/gimmick_crypta,gimmick_crypta,20c8b0ed61444945,536.539,0,441.759,0,180,0,0,0,0,owner=SinglePlayer
/gimmick_crypta,gimmick_crypta,210ac816766fb0ec,463.138,0,418.002,0,180,0,0,0,0,owner=SinglePlayer
/gimmick_crypta,gimmick_crypta,21eec31e5fbbbeb7,493.55,0,429.295,0,180,0,0,0,0,owner=SinglePlayer
/gimmick_crypta,gimmick_crypta,22a5b5eb43fe2268,524.539,0,447.759,0,180,0,0,0,0,owner=SinglePlayer
/gimmick_crypta,gimmick_crypta,2325e65f4841b52a,511.582,0,460.006,0,180,0,0,0,0,owner=SinglePlayer
/gimmick_crypta,gimmick_crypta,23593e2a757e7c3f,572.409,0,434.948,0,180,0,0,0,0,owner=SinglePlayer
/gimmick_crypta,gimmick_crypta,2497dfa410e8f43a,511.549,0,429.295,0,180,0,0,0,0,owner=SinglePlayer
/gimmick_crypta,gimmick_crypta,24c3786906c9fa52,572.409,0,440.948,0,180,0,0,0,0,owner=SinglePlayer
/gimmick_crypta,gimmick_crypta,25a38cb41add4d43,517.308,0,466.679,0,180,0,0,0,0,owner=SinglePlayer
/gimmick_crypta,gimmick_crypta,25d1acbc52168ab3,463.138,0,460.002,0,180,0,0,0,0,owner=SinglePlayer
/gimmick_crypta,gimmick_crypta,27021c213ce1114,463.5,0,430.5,0,180,0,0,0,0,owner=SinglePlayer
/gimmick_crypta,gimmick_crypta,27f3f3395e2029ea,505.55,0,429.295,0,180,0,0,0,0,owner=SinglePlayer
/gimmick_crypta,gimmick_crypta,284408ed1512ffcc,548.539,0,423.759,0,180,0,0,0,0,owner=SinglePlayer
/gimmick_crypta,gimmick_crypta,28b0d6f311d9c01b,511.308,0,466.679,0,180,0,0,0,0,owner=SinglePlayer
/gimmick_crypta,gimmick_crypta,2a79ba76a31745b,566.409,0,422.948,0,180,0,0,0,0,owner=SinglePlayer
/gimmick_crypta,gimmick_crypta,2ac5bab220b0f3f3,511.582,0,442.006,0,180,0,0,0,0,owner=SinglePlayer
/gimmick_crypta,gimmick_crypta,2acd8869477a338c,530.539,0,429.759,0,180,0,0,0,0,owner=SinglePlayer
/gimmick_crypta,gimmick_crypta,2b5b3d6560095a95,481.309,0,466.679,0,180,0,0,0,0,owner=SinglePlayer
/gimmick_crypta,gimmick_crypta,2c1e246c24592eb7,566.409,0,416.948,0,180,0,0,0,0,owner=SinglePlayer
/gimmick_crypta,gimmick_crypta,2c409ccf5c6453c8,566.754,0,458.786,0,180,0,0,0,0,owner=SinglePlayer
/gimmick_crypta,gimmick_crypta,2da74f3f3d7107b2,463.138,0,454.002,0,180,0,0,0,0,owner=SinglePlayer
/gimmick_crypta,gimmick_crypta,2e98f4495f6b6b13,554.256,0,452.899,0,180,0,0,0,0,owner=SinglePlayer
/gimmick_crypta,gimmick_crypta,2efeab38475c50d8,524.539,0,435.759,0,180,0,0,0,0,owner=SinglePlayer
/gimmick_crypta,gimmick_crypta,2f69abaf29185e08,566.409,0,440.948,0,180,0,0,0,0,owner=SinglePlayer
/gimmick_crypta,gimmick_crypta,3123c6ad402de89c,487.55,0,435.295,0,180,0,0,0,0,owner=SinglePlayer
/gimmick_crypta,gimmick_crypta,312efad809f6daf6,505.582,0,448.006,0,180,0,0,0,0,owner=SinglePlayer
/gimmick_crypta,gimmick_crypta,31c2c226d563f20,548.539,0,471.759,0,180,0,0,0,0,owner=SinglePlayer
/gimmick_crypta,gimmick_crypta,31c59d3304533d12,578.409,0,428.948,0,180,0,0,0,0,owner=SinglePlayer
/gimmick_crypta,gimmick_crypta,31e8e5e259e48f01,548.539,0,465.759,0,180,0,0,0,0,owner=SinglePlayer
/gimmick_crypta,gimmick_crypta,32bd9d95242ebca,517.582,0,448.006,0,180,0,0,0,0,owner=SinglePlayer
/gimmick_crypta,gimmick_crypta,32d6b6de70259604,493.139,0,460.222,0,180,0,0,0,0,owner=SinglePlayer
/gimmick_crypta,gimmick_crypta,341a63fb08600d12,554.256,0,446.899,0,180,0,0,0,0,owner=SinglePlayer
/gimmick_crypta,gimmick_crypta,3484e95f1cac082d,536.539,0,429.759,0,180,0,0,0,0,owner=SinglePlayer
/gimmick_crypta,gimmick_crypta,34b3ec737a944227,487.139,0,454.222,0,180,0,0,0,0,owner=SinglePlayer
/gimmick_crypta,gimmick_crypta,3548c72204c40580,517.308,0,472.679,0,180,0,0,0,0,owner=SinglePlayer
/gimmick_crypta,gimmick_crypta,356c87e7183b4afe,499.55,0,417.295,0,180,0,0,0,0,owner=SinglePlayer
/gimmick_crypta,gimmick_crypta,35d18d7105fd38de,572.409,0,422.948,0,180,0,0,0,0,owner=SinglePlayer
/gimmick_crypta,gimmick_crypta,35db4aa9762e34c1,469.138,0,442.002,0,180,0,0,0,0,owner=SinglePlayer
/gimmick_crypta,gimmick_crypta,38a85a5a5bae3949,499.582,0,460.006,0,180,0,0,0,0,owner=SinglePlayer
/gimmick_crypta,gimmick_crypta,391bde147acafa6b,530.539,0,459.759,0,180,0,0,0,0,owner=SinglePlayer
/gimmick_crypta,gimmick_crypta,3985b2c220b2b31c,560.409,0,416.948,0,180,0,0,0,0,owner=SinglePlayer
/gimmick_crypta,gimmick_crypta,39fb25b5477a8fd9,481.309,0,472.679,0,180,0,0,0,0,owner=SinglePlayer
/gimmick_crypta,gimmick_crypta,3a0a619657ad8d3,456.513,0,436.55,0,180,0,0,0,0,owner=SinglePlayer
/gimmick_crypta,gimmick_crypta,3a4e0ed7267f401b,456.513,0,418.55,0,180,0,0,0,0,owner=SinglePlayer
/gimmick_crypta,gimmick_crypta,3a8abeb72be060cf,505.582,0,460.006,0,180,0,0,0,0,owner=SinglePlayer
/gimmick_crypta,gimmick_crypta,3b9ca7ae3d458d28,487.55,0,417.295,0,180,0,0,0,0,owner=SinglePlayer
/gimmick_crypta,gimmick_crypta,3d589d5606231dd,487.309,0,466.679,0,180,0,0,0,0,owner=SinglePlayer
/gimmick_crypta,gimmick_crypta,3dac2ede36d5460d,481.55,0,423.295,0,180,0,0,0,0,owner=SinglePlayer
/gimmick_crypta,gimmick_crypta,3e00ecc931073da1,560.256,0,458.899,0,180,0,0,0,0,owner=SinglePlayer
/gimmick_crypta,gimmick_crypta,3e2c1b0762d28edf,530.539,0,441.759,0,180,0,0,0,0,owner=SinglePlayer
/gimmick_crypta,gimmick_crypta,3e5ecb8b52e02914,542.539,0,429.759,0,180,0,0,0,0,owner=SinglePlayer
/gimmick_crypta,gimmick_crypta,41239d7967459261,456.513,0,424.55,0,180,0,0,0,0,owner=SinglePlayer
/gimmick_crypta,gimmick_crypta,41d12b1f506c9d5c,481.128,0,460.333,0,180,0,0,0,0,owner=SinglePlayer
/gimmick_crypta,gimmick_crypta,42dc5094dbc1fbb,554.409,0,434.948,0,180,0,0,0,0,owner=SinglePlayer
/gimmick_crypta,gimmick_crypta,42e604ea4ea099b0,517.549,0,429.295,0,180,0,0,0,0,owner=SinglePlayer
/gimmick_crypta,gimmick_crypta,439ae7037d4a0ef8,505.582,0,454.006,0,180,0,0,0,0,owner=SinglePlayer
/gimmick_crypta,gimmick_crypta,43ad70d23589ecb0,511.549,0,435.295,0,180,0,0,0,0,owner=SinglePlayer
/gimmick_crypta,gimmick_crypta,43e8bafa04c3b15d,463.138,0,436.002,0,180,0,0,0,0,owner=SinglePlayer
/gimmick_crypta,gimmick_crypta,44dcc4f276686e22,542.539,0,453.759,0,180,0,0,0,0,owner=SinglePlayer
/gimmick_crypta,gimmick_crypta,456bc24d667023f4,524.539,0,465.759,0,180,0,0,0,0,owner=SinglePlayer
/gimmick_crypta,gimmick_crypta,45901ceb17fad89b,536.539,0,423.759,0,180,0,0,0,0,owner=SinglePlayer
/gimmick_crypta,gimmick_crypta,45d4906a52c4c488,554.409,0,440.948,0,180,0,0,0,0,owner=SinglePlayer
/gimmick_crypta,gimmick_crypta,4731e4547e3000ce,554.256,0,470.899,0,180,0,0,0,0,owner=SinglePlayer
/gimmick_crypta,gimmick_crypta,47935db0c1adb08,481.39,0,448.115,0,180,0,0,0,0,owner=SinglePlayer
/gimmick_crypta,gimmick_crypta,4820bfc45687e21,499.582,0,448.006,0,180,0,0,0,0,owner=SinglePlayer
/gimmick_crypta,gimmick_crypta,48a6367b5206c3d2,517.549,0,423.295,0,180,0,0,0,0,owner=SinglePlayer
/gimmick_crypta,gimmick_crypta,48dcbd857eea023b,548.539,0,429.759,0,180,0,0,0,0,owner=SinglePlayer
/gimmick_crypta,gimmick_crypta,48e6f80d5e089888,481.55,0,429.295,0,180,0,0,0,0,owner=SinglePlayer
/gimmick_crypta,gimmick_crypta,494002b66256d5cd,548.539,0,447.759,0,180,0,0,0,0,owner=SinglePlayer
/gimmick_crypta,gimmick_crypta,495445bb597af155,487.55,0,423.295,0,180,0,0,0,0,owner=SinglePlayer
/gimmick_crypta,gimmick_crypta,4a6c0e5a668d2f23,560.409,0,422.948,0,180,0,0,0,0,owner=SinglePlayer
/gimmick_crypta,gimmick_crypta,4a87e5d357837561,578.409,0,434.948,0,180,0,0,0,0,owner=SinglePlayer
/gimmick_crypta,gimmick_crypta,4ab57caa6c3491c8,524.539,0,423.759,0,180,0,0,0,0,owner=SinglePlayer
/gimmick_crypta,gimmick_crypta,4bd4712f4c566c41,505.55,0,423.295,0,180,0,0,0,0,owner=SinglePlayer
/gimmick_crypta,gimmick_crypta,4dd55a0938027680,511.549,0,423.295,0,180,0,0,0,0,owner=SinglePlayer
/gimmick_crypta,gimmick_crypta,4dd9446b4e055c73,548.539,0,435.759,0,180,0,0,0,0,owner=SinglePlayer
/gimmick_crypta,gimmick_crypta,51dd6746121cc03c,530.539,0,471.759,0,180,0,0,0,0,owner=SinglePlayer
/gimmick_crypta,gimmick_crypta,53b84e26776e6a07,560.256,0,446.899,0,180,0,0,0,0,owner=SinglePlayer
/gimmick_crypta,gimmick_crypta,54b2694b138785bd,487.39,0,448.115,0,180,0,0,0,0,owner=SinglePlayer
/gimmick_crypta,gimmick_crypta,54f8b31e0f11e70c,456.513,0,442.55,0,180,0,0,0,0,owner=SinglePlayer
/gimmick_crypta,gimmick_crypta,5506e5d415afb5c3,578.409,0,416.948,0,180,0,0,0,0,owner=SinglePlayer
/gimmick_crypta,gimmick_crypta,5526164e08049d3f,469.138,0,472.002,0,180,0,0,0,0,owner=SinglePlayer
/gimmick_crypta,gimmick_crypta,556c92b94504924f,475.55,0,429.295,0,180,0,0,0,0,owner=SinglePlayer
/gimmick_crypta,gimmick_crypta,5655b4593d117b43,487.309,0,472.679,0,180,0,0,0,0,owner=SinglePlayer
/gimmick_crypta,gimmick_crypta,565f6d660cca063,584.665,0,416.088,0,180,0,0,0,0,owner=SinglePlayer
/gimmick_crypta,gimmick_crypta,56b9a67f1cbf263f,469.138,0,424.002,0,180,0,0,0,0,owner=SinglePlayer
/gimmick_crypta,gimmick_crypta,5728bdb6210b4759,475.55,0,435.295,0,180,0,0,0,0,owner=SinglePlayer
/gimmick_crypta,gimmick_crypta,5816139538b32e2d,469.138,0,460.002,0,180,0,0,0,0,owner=SinglePlayer
/gimmick_crypta,gimmick_crypta,586ff4fb09768c0b,560.409,0,428.948,0,180,0,0,0,0,owner=SinglePlayer
/gimmick_crypta,gimmick_crypta,589e80541707d20f,554.409,0,428.948,0,180,0,0,0,0,owner=SinglePlayer
/gimmick_crypta,gimmick_crypta,58a27d371f1b5808,554.256,0,458.899,0,180,0,0,0,0,owner=SinglePlayer
/gimmick_crypta,gimmick_crypta,58e74b823bd1dfe8,469.138,0,454.002,0,180,0,0,0,0,owner=SinglePlayer
/gimmick_crypta,gimmick_crypta,59704c816eeab05,542.539,0,459.759,0,180,0,0,0,0,owner=SinglePlayer
/gimmick_crypta,gimmick_crypta,5ac393c0275abd7d,536.539,0,459.759,0,180,0,0,0,0,owner=SinglePlayer
/gimmick_crypta,gimmick_crypta,5bc79f55097c5419,566.754,0,446.786,0,180,0,0,0,0,owner=SinglePlayer
/gimmick_crypta,gimmick_crypta,5c0f43b1225dbdaa,548.539,0,459.759,0,180,0,0,0,0,owner=SinglePlayer
/gimmick_crypta,gimmick_crypta,5dbe1cc64233bda8,554.256,0,464.899,0,180,0,0,0,0,owner=SinglePlayer
/gimmick_crypta,gimmick_crypta,5f7f7506128e5baa,554.409,0,422.948,0,180,0,0,0,0,owner=SinglePlayer
/gimmick_crypta,gimmick_crypta,5f9728aa34010209,536.539,0,465.759,0,180,0,0,0,0,owner=SinglePlayer
/gimmick_crypta,gimmick_crypta,608e807e28157260,542.539,0,423.759,0,180,0,0,0,0,owner=SinglePlayer
/gimmick_crypta,gimmick_crypta,6140d8090d012c92,542.539,0,465.759,0,180,0,0,0,0,owner=SinglePlayer
/gimmick_crypta,gimmick_crypta,614e3fe744799674,560.256,0,452.899,0,180,0,0,0,0,owner=SinglePlayer
/gimmick_crypta,gimmick_crypta,624ce34842c0158b,517.582,0,442.006,0,180,0,0,0,0,owner=SinglePlayer
/gimmick_crypta,gimmick_crypta,627082a24fa55839,517.549,0,417.295,0,180,0,0,0,0,owner=SinglePlayer
/gimmick_crypta,gimmick_crypta,628d04f04ebb8b95,574.5,0,448.5,0,180,0,0,0,0,owner=SinglePlayer
/gimmick_crypta,gimmick_crypta,62c34ff5b892db6,536.539,0,435.759,0,180,0,0,0,0,owner=SinglePlayer
/gimmick_crypta,gimmick_crypta,62f145397b67ba69,554.409,0,416.948,0,180,0,0,0,0,owner=SinglePlayer
/gimmick_crypta,gimmick_crypta,6329e5344af32795,469.138,0,436.002,0,180,0,0,0,0,owner=SinglePlayer
/gimmick_crypta,gimmick_crypta,635f187a41ed720a,499.55,0,423.295,0,180,0,0,0,0,owner=SinglePlayer
/gimmick_crypta,gimmick_crypta,63dd31547c135e57,517.582,0,454.006,0,180,0,0,0,0,owner=SinglePlayer
/gimmick_crypta,gimmick_crypta,644cde176ad3374d,475.309,0,472.679,0,180,0,0,0,0,owner=SinglePlayer
/gimmick_crypta,gimmick_crypta,64bd05ae1cd1ca08,589.5,0,418.5,0,180,0,0,0,0,owner=SinglePlayer
/gimmick_crypta,gimmick_crypta,64d81c83b3cee36,511.582,0,454.006,0,180,0,0,0,0,owner=SinglePlayer
/gimmick_crypta,gimmick_crypta,64ef9adb5f69f2e2,505.582,0,442.006,0,180,0,0,0,0,owner=SinglePlayer
/gimmick_crypta,gimmick_crypta,6566f8bb1267c8ca,487.139,0,460.222,0,180,0,0,0,0,owner=SinglePlayer
/gimmick_crypta,gimmick_crypta,659f90d6045d79b2,560.409,0,434.948,0,180,0,0,0,0,owner=SinglePlayer
/gimmick_crypta,gimmick_crypta,65d4326814b34752,505.55,0,435.295,0,180,0,0,0,0,owner=SinglePlayer
/gimmick_crypta,gimmick_crypta,66026c54102c4135,584.665,0,428.088,0,180,0,0,0,0,owner=SinglePlayer
/gimmick_crypta,gimmick_crypta,6786f6d0139de9a9,493.55,0,435.295,0,180,0,0,0,0,owner=SinglePlayer
/gimmick_crypta,gimmick_crypta,693b2e7507b9a8cf,505.55,0,417.295,0,180,0,0,0,0,owner=SinglePlayer
/gimmick_crypta,gimmick_crypta,699a82cc67fbb970,536.539,0,417.759,0,180,0,0,0,0,owner=SinglePlayer
/gimmick_crypta,gimmick_crypta,69dfcc54187bc39f,530.539,0,465.759,0,180,0,0,0,0,owner=SinglePlayer
/gimmick_crypta,gimmick_crypta,6a89bccf59fb6c34,475.55,0,423.295,0,180,0,0,0,0,owner=SinglePlayer
/gimmick_crypta,gimmick_crypta,6aadc02e5963b21b,560.409,0,440.948,0,180,0,0,0,0,owner=SinglePlayer
/gimmick_crypta,gimmick_crypta,6b7f473266ba0fb7,493.309,0,466.679,0,180,0,0,0,0,owner=SinglePlayer
/gimmick_crypta,gimmick_crypta,6c0bb3fb00bf4d33,511.582,0,448.006,0,180,0,0,0,0,owner=SinglePlayer
/gimmick_crypta,gimmick_crypta,6c1b21f64bbe6750,542.539,0,417.759,0,180,0,0,0,0,owner=SinglePlayer
/gimmick_crypta,gimmick_crypta,6cc867f616380e34,524.539,0,417.759,0,180,0,0,0,0,owner=SinglePlayer
/gimmick_crypta,gimmick_crypta,6da9ccfc79b1e285,463.138,0,448.002,0,180,0,0,0,0,owner=SinglePlayer
/gimmick_crypta,gimmick_crypta,6dae3b350a6333ba,536.539,0,453.759,0,180,0,0,0,0,owner=SinglePlayer
/gimmick_crypta,gimmick_crypta,6decbfe05f708bfe,566.409,0,428.948,0,180,0,0,0,0,owner=SinglePlayer
/gimmick_crypta,gimmick_crypta,6e5796e96d5d76c3,530.539,0,447.759,0,180,0,0,0,0,owner=SinglePlayer
/gimmick_crypta,gimmick_crypta,6ea1483b2be8d1d2,578.409,0,422.948,0,180,0,0,0,0,owner=SinglePlayer
/gimmick_crypta,gimmick_crypta,6efc857b79f0abac,542.539,0,471.759,0,180,0,0,0,0,owner=SinglePlayer
/gimmick_crypta,gimmick_crypta,7038bec13f2c66fe,566.754,0,452.786,0,180,0,0,0,0,owner=SinglePlayer
/gimmick_crypta,gimmick_crypta,7057ce73586a9820,493.139,0,454.222,0,180,0,0,0,0,owner=SinglePlayer
/gimmick_crypta,gimmick_crypta,70636ec8024d122a,475.39,0,442.115,0,180,0,0,0,0,owner=SinglePlayer
/gimmick_crypta,gimmick_crypta,7075e1642fbb8676,493.39,0,442.115,0,180,0,0,0,0,owner=SinglePlayer
/gimmick_crypta,gimmick_crypta,719948c06d0e1c97,487.39,0,442.115,0,180,0,0,0,0,owner=SinglePlayer
/gimmick_crypta,gimmick_crypta,72f0da7e5bd88078,475.39,0,448.115,0,180,0,0,0,0,owner=SinglePlayer
/gimmick_crypta,gimmick_crypta,7322899f54969b86,463.138,0,442.002,0,180,0,0,0,0,owner=SinglePlayer
/gimmick_crypta,gimmick_crypta,73d8f8cd7d8389b7,505.309,0,466.679,0,180,0,0,0,0,owner=SinglePlayer
/gimmick_crypta,gimmick_crypta,74bd20d100163552,517.549,0,435.295,0,180,0,0,0,0,owner=SinglePlayer
/gimmick_crypta,gimmick_crypta,7570b07457762d01,536.539,0,447.759,0,180,0,0,0,0,owner=SinglePlayer
/gimmick_crypta,gimmick_crypta,75a2367d2a157adb,524.539,0,453.759,0,180,0,0,0,0,owner=SinglePlayer
/gimmick_crypta,gimmick_crypta,75d500c42d866607,475.128,0,454.333,0,180,0,0,0,0,owner=SinglePlayer
/gimmick_crypta,gimmick_crypta,75e4834563550eb1,463.138,0,424.002,0,180,0,0,0,0,owner=SinglePlayer
/gimmick_crypta,gimmick_crypta,772f384510e4818d,481.55,0,417.295,0,180,0,0,0,0,owner=SinglePlayer
/gimmick_crypta,gimmick_crypta,77c5462721a76b9a,481.128,0,454.333,0,180,0,0,0,0,owner=SinglePlayer
/gimmick_crypta,gimmick_crypta,77e58eab5a72b8e0,524.539,0,471.759,0,180,0,0,0,0,owner=SinglePlayer
/gimmick_crypta,gimmick_crypta,78c2b817332ff34b,481.55,0,435.295,0,180,0,0,0,0,owner=SinglePlayer
/gimmick_crypta,gimmick_crypta,79ce95f220f72908,524.539,0,459.759,0,180,0,0,0,0,owner=SinglePlayer
/gimmick_crypta,gimmick_crypta,7c8e384e14e57b66,463.138,0,466.002,0,180,0,0,0,0,owner=SinglePlayer
/gimmick_crypta,gimmick_crypta,7cf5a3ef47a7da5e,536.539,0,471.759,0,180,0,0,0,0,owner=SinglePlayer
/gimmick_crypta,gimmick_crypta,7d084cff6ce0a903,505.309,0,472.679,0,180,0,0,0,0,owner=SinglePlayer
/gimmick_crypta,gimmick_crypta,7d84e8f9369c15d6,469.138,0,430.002,0,180,0,0,0,0,owner=SinglePlayer
/gimmick_crypta,gimmick_crypta,7e51731c016d9fe5,548.539,0,417.759,0,180,0,0,0,0,owner=SinglePlayer
/gimmick_crypta,gimmick_crypta,7fc2f0155e5d082d,524.539,0,441.759,0,180,0,0,0,0,owner=SinglePlayer
/gimmick_crypta,gimmick_crypta,7ffaa16657ddc74,578.409,0,440.948,0,180,0,0,0,0,owner=SinglePlayer
/gimmick_crypta,gimmick_crypta,8088dcc2a01cf57,566.409,0,434.948,0,180,0,0,0,0,owner=SinglePlayer
/gimmick_crypta,gimmick_crypta,899aea43715f61c,481.39,0,442.115,0,180,0,0,0,0,owner=SinglePlayer
/gimmick_crypta,gimmick_crypta,8e099f66239186b,542.539,0,441.759,0,180,0,0,0,0,owner=SinglePlayer
/gimmick_crypta,gimmick_crypta,9ae3f0250dd8963,584.665,0,422.088,0,180,0,0,0,0,owner=SinglePlayer
/gimmick_crypta,gimmick_crypta,ab0ce0b328b5ac5,499.55,0,429.295,0,180,0,0,0,0,owner=SinglePlayer
/gimmick_crypta,gimmick_crypta,ac160b53d3147bb,493.55,0,417.295,0,180,0,0,0,0,owner=SinglePlayer
/gimmick_crypta,gimmick_crypta,bf397f51edcf3e7,469.138,0,448.002,0,180,0,0,0,0,owner=SinglePlayer
/gimmick_crypta,gimmick_crypta,cec1c4779a67b22,499.582,0,454.006,0,180,0,0,0,0,owner=SinglePlayer
/gimmick_crypta,gimmick_crypta,d145874427bcfb4,487.55,0,429.295,0,180,0,0,0,0,owner=SinglePlayer
/gimmick_crypta,gimmick_crypta,d3e3c7c013a207d,542.539,0,435.759,0,180,0,0,0,0,owner=SinglePlayer
/gimmick_crypta,gimmick_crypta,de0bd127e989e8d,463.138,0,472.002,0,180,0,0,0,0,owner=SinglePlayer
/gimmick_crypta,gimmick_crypta,f0fdc9f111492a5,548.539,0,453.759,0,180,0,0,0,0,owner=SinglePlayer
/gimmick_crypta,gimmick_crypta,f202e338ae33e8,499.5,0,466.5,0,180,0,0,0,0,owner=SinglePlayer
/gimmick_crypta,gimmick_crypta,f99fcab410821d5,511.308,0,472.679,0,180,0,0,0,0,owner=SinglePlayer
/gimmick_crypta,gimmick_crypta,fa84dfc42bd1992,524.539,0,429.759,0,180,0,0,0,0,owner=SinglePlayer
/gimmick_graveyard_vampire_queen,gimmick_graveyard_vampire_queen,1111ad8d5815dcb8,525,0,513,0,180,0,0,0,0,owner=SinglePlayer
/gimmick_graveyard_vampire_queen,gimmick_graveyard_vampire_queen,165920543045f781,537,0,489,0,180,0,0,0,0,owner=SinglePlayer
/gimmick_graveyard_vampire_queen,gimmick_graveyard_vampire_queen,182d25ae2f8ff442,537,0,513,0,180,0,0,0,0,owner=SinglePlayer
/gimmick_graveyard_vampire_queen,gimmick_graveyard_vampire_queen,1acbd8b85c11ad2c,519,0,501,0,180,0,0,0,0,owner=SinglePlayer
/gimmick_graveyard_vampire_queen,gimmick_graveyard_vampire_queen,1f60c4ba5153dafc,513,0,483,0,180,0,0,0,0,owner=SinglePlayer
/gimmick_graveyard_vampire_queen,gimmick_graveyard_vampire_queen,259d7af406e9056f,513,0,495,0,180,0,0,0,0,owner=SinglePlayer
/gimmick_graveyard_vampire_queen,gimmick_graveyard_vampire_queen,28f613020e4b234f,507,0,483,0,180,0,0,0,0,owner=SinglePlayer
/gimmick_graveyard_vampire_queen,gimmick_graveyard_vampire_queen,296864a7577c2fd1,507,0,495,0,180,0,0,0,0,owner=SinglePlayer
/gimmick_graveyard_vampire_queen,gimmick_graveyard_vampire_queen,2c96df3c0ea404ef,519,0,495,0,180,0,0,0,0,owner=SinglePlayer
/gimmick_graveyard_vampire_queen,gimmick_graveyard_vampire_queen,2d638bbc1065be39,507,0,489,0,180,0,0,0,0,owner=SinglePlayer
/gimmick_graveyard_vampire_queen,gimmick_graveyard_vampire_queen,36a65e8a71dcdae9,531,0,513,0,180,0,0,0,0,owner=SinglePlayer
/gimmick_graveyard_vampire_queen,gimmick_graveyard_vampire_queen,3965b1fb06abd27c,531,0,483,0,180,0,0,0,0,owner=SinglePlayer
/gimmick_graveyard_vampire_queen,gimmick_graveyard_vampire_queen,3aa745db4e1fd36e,519,0,513,0,180,0,0,0,0,owner=SinglePlayer
/gimmick_graveyard_vampire_queen,gimmick_graveyard_vampire_queen,3dcadba43c6224de,531,0,507,0,180,0,0,0,0,owner=SinglePlayer
/gimmick_graveyard_vampire_queen,gimmick_graveyard_vampire_queen,427cbb1a668c257a,513,0,501,0,180,0,0,0,0,owner=SinglePlayer
/gimmick_graveyard_vampire_queen,gimmick_graveyard_vampire_queen,4459de826ad35f45,507,0,507,0,180,0,0,0,0,owner=SinglePlayer
/gimmick_graveyard_vampire_queen,gimmick_graveyard_vampire_queen,4633523028e9114d,519,0,507,0,180,0,0,0,0,owner=SinglePlayer
/gimmick_graveyard_vampire_queen,gimmick_graveyard_vampire_queen,47f4c05009530dee,519,0,483,0,180,0,0,0,0,owner=SinglePlayer
/gimmick_graveyard_vampire_queen,gimmick_graveyard_vampire_queen,4a0c2f7e48c75a3a,525,0,489,0,180,0,0,0,0,owner=SinglePlayer
/gimmick_graveyard_vampire_queen,gimmick_graveyard_vampire_queen,4cad098971e5f21a,525,0,483,0,180,0,0,0,0,owner=SinglePlayer
/gimmick_graveyard_vampire_queen,gimmick_graveyard_vampire_queen,50295b4e7a653dd3,525,0,507,0,180,0,0,0,0,owner=SinglePlayer
/gimmick_graveyard_vampire_queen,gimmick_graveyard_vampire_queen,5081579d464328d8,519,0,489,0,180,0,0,0,0,owner=SinglePlayer
/gimmick_graveyard_vampire_queen,gimmick_graveyard_vampire_queen,517660c21fd0ae9e,525,0,495,0,180,0,0,0,0,owner=SinglePlayer
/gimmick_graveyard_vampire_queen,gimmick_graveyard_vampire_queen,54f8eef75698e705,531,0,489,0,180,0,0,0,0,owner=SinglePlayer
/gimmick_graveyard_vampire_queen,gimmick_graveyard_vampire_queen,552214aa095971b2,543,0,498,0,180,0,0,0,0,owner=SinglePlayer
/gimmick_graveyard_vampire_queen,gimmick_graveyard_vampire_queen,5c9da50f2bd43102,525,0,501,0,180,0,0,0,0,owner=SinglePlayer
/gimmick_graveyard_vampire_queen,gimmick_graveyard_vampire_queen,5e9a06d495e04ee,507,0,513,0,180,0,0,0,0,owner=SinglePlayer
/gimmick_graveyard_vampire_queen,gimmick_graveyard_vampire_queen,6407e9485cf7e5d5,513,0,507,0,180,0,0,0,0,owner=SinglePlayer
/gimmick_graveyard_vampire_queen,gimmick_graveyard_vampire_queen,65414c9414c3b7db,543,0,486,0,180,0,0,0,0,owner=SinglePlayer
/gimmick_graveyard_vampire_queen,gimmick_graveyard_vampire_queen,6b1fe2a11635bc04,537,0,495,0,180,0,0,0,0,owner=SinglePlayer
/gimmick_graveyard_vampire_queen,gimmick_graveyard_vampire_queen,6d0cf3206e5a735e,537,0,507,0,180,0,0,0,0,owner=SinglePlayer
/gimmick_graveyard_vampire_queen,gimmick_graveyard_vampire_queen,6edb05324f3cc987,537,0,501,0,180,0,0,0,0,owner=SinglePlayer
/gimmick_graveyard_vampire_queen,gimmick_graveyard_vampire_queen,6f98bd135cd33dc4,543,0,504,0,180,0,0,0,0,owner=SinglePlayer
/gimmick_graveyard_vampire_queen,gimmick_graveyard_vampire_queen,73fa0ea632f096d0,513,0,513,0,180,0,0,0,0,owner=SinglePlayer
/gimmick_graveyard_vampire_queen,gimmick_graveyard_vampire_queen,756319a4621ebbe5,507,0,501,0,180,0,0,0,0,owner=SinglePlayer
/gimmick_graveyard_vampire_queen,gimmick_graveyard_vampire_queen,7911f9fc64804d2b,531,0,501,0,180,0,0,0,0,owner=SinglePlayer
/gimmick_graveyard_vampire_queen,gimmick_graveyard_vampire_queen,7d3d9525414217f8,513,0,489,0,180,0,0,0,0,owner=SinglePlayer
/gimmick_graveyard_vampire_queen,gimmick_graveyard_vampire_queen,bbaa490ccf11ad,543,0,492,0,180,0,0,0,0,owner=SinglePlayer
/gimmick_graveyard_vampire_queen,gimmick_graveyard_vampire_queen,d42e53123e75128,531,0,495,0,180,0,0,0,0,owner=SinglePlayer
/gimmick_graveyard_vampire_queen,gimmick_graveyard_vampire_queen,ec754364924c321,537,0,483,0,180,0,0,0,0,owner=SinglePlayer
/gimmick_temple,gimmick_temple,76e855397c55495e,469.5,0,508.5,0,180,0,0,0,0,owner=SinglePlayer
/gimmick_torturechamber,gimmick_torturechamber,1000a4c900d6ca27,426,0,519,0,180,0,0,0,0,owner=SinglePlayer
/gimmick_torturechamber,gimmick_torturechamber,100cc7f37f931db2,420.01,0,495.139,0,180,0,0,0,0,owner=SinglePlayer
/gimmick_torturechamber,gimmick_torturechamber,10436fca7d8ef9c2,426,0,525,0,180,0,0,0,0,owner=SinglePlayer
/gimmick_torturechamber,gimmick_torturechamber,10ef2ed143cf1e75,444.122,0,483.065,0,180,0,0,0,0,owner=SinglePlayer
/gimmick_torturechamber,gimmick_torturechamber,131f06c674f7e673,438.122,0,495.065,0,180,0,0,0,0,owner=SinglePlayer
/gimmick_torturechamber,gimmick_torturechamber,16c840ee720ac6fd,395.878,0,518.985,0,180,0,0,0,0,owner=SinglePlayer
/gimmick_torturechamber,gimmick_torturechamber,178a35b0471fef6f,407.878,0,530.985,0,180,0,0,0,0,owner=SinglePlayer
/gimmick_torturechamber,gimmick_torturechamber,186f241312bea4bd,438.122,0,477.065,0,180,0,0,0,0,owner=SinglePlayer
/gimmick_torturechamber,gimmick_torturechamber,18a3a3ba43d8d5f9,444,0,507,0,180,0,0,0,0,owner=SinglePlayer
/gimmick_torturechamber,gimmick_torturechamber,18c82a9d5aefa306,450,0,531,0,180,0,0,0,0,owner=SinglePlayer
/gimmick_torturechamber,gimmick_torturechamber,1947c024569e9707,426.122,0,477.065,0,180,0,0,0,0,owner=SinglePlayer
/gimmick_torturechamber,gimmick_torturechamber,1aac886a36fb5e40,432.122,0,483.065,0,180,0,0,0,0,owner=SinglePlayer
/gimmick_torturechamber,gimmick_torturechamber,1aff099961cfbd37,402,0,513,0,180,0,0,0,0,owner=SinglePlayer
/gimmick_torturechamber,gimmick_torturechamber,1e39cfe044f5940d,402.01,0,489.139,0,180,0,0,0,0,owner=SinglePlayer
/gimmick_torturechamber,gimmick_torturechamber,1f381303429383ac,438.122,0,483.065,0,180,0,0,0,0,owner=SinglePlayer
/gimmick_torturechamber,gimmick_torturechamber,1f741e44458f6598,432,0,513,0,180,0,0,0,0,owner=SinglePlayer
/gimmick_torturechamber,gimmick_torturechamber,209cc9d4f8be84c,444.122,0,489.065,0,180,0,0,0,0,owner=SinglePlayer
/gimmick_torturechamber,gimmick_torturechamber,214a1b675a84bf14,426,0,531,0,180,0,0,0,0,owner=SinglePlayer
/gimmick_torturechamber,gimmick_torturechamber,225e16fb0bd4115c,450,0,525,0,180,0,0,0,0,owner=SinglePlayer
/gimmick_torturechamber,gimmick_torturechamber,22a4398c42e86051,413.878,0,518.985,0,180,0,0,0,0,owner=SinglePlayer
/gimmick_torturechamber,gimmick_torturechamber,238992e088c343f,432.122,0,477.065,0,180,0,0,0,0,owner=SinglePlayer
/gimmick_torturechamber,gimmick_torturechamber,24c3fe144d0555d7,396.01,0,483.139,0,180,0,0,0,0,owner=SinglePlayer
/gimmick_torturechamber,gimmick_torturechamber,269c9d114f9e0f06,395.878,0,524.985,0,180,0,0,0,0,owner=SinglePlayer
/gimmick_torturechamber,gimmick_torturechamber,277e03964844680f,444,0,531,0,180,0,0,0,0,owner=SinglePlayer
/gimmick_torturechamber,gimmick_torturechamber,27ab93a357eb23f,407.878,0,518.985,0,180,0,0,0,0,owner=SinglePlayer
/gimmick_torturechamber,gimmick_torturechamber,28b6e3117202e7e5,413.878,0,506.985,0,180,0,0,0,0,owner=SinglePlayer
/gimmick_torturechamber,gimmick_torturechamber,29988f5a11e449be,450.122,0,489.065,0,180,0,0,0,0,owner=SinglePlayer
/gimmick_torturechamber,gimmick_torturechamber,2b264ef467d886db,426.122,0,495.065,0,180,0,0,0,0,owner=SinglePlayer
/gimmick_torturechamber,gimmick_torturechamber,2b7e2f5923104de3,426,0,507,0,180,0,0,0,0,owner=SinglePlayer
/gimmick_torturechamber,gimmick_torturechamber,2d1303962297d7c4,450,0,507,0,180,0,0,0,0,owner=SinglePlayer
/gimmick_torturechamber,gimmick_torturechamber,2e22f2835a5506c8,438.122,0,489.065,0,180,0,0,0,0,owner=SinglePlayer
/gimmick_torturechamber,gimmick_torturechamber,2ed188df1f6e8645,414.01,0,489.139,0,180,0,0,0,0,owner=SinglePlayer
/gimmick_torturechamber,gimmick_torturechamber,30f17f89017bae80,432,0,507,0,180,0,0,0,0,owner=SinglePlayer
/gimmick_torturechamber,gimmick_torturechamber,3103c7bf29bfbfcd,432.122,0,489.065,0,180,0,0,0,0,owner=SinglePlayer
/gimmick_torturechamber,gimmick_torturechamber,328e6ced4f020dd4,402.01,0,501.139,0,180,0,0,0,0,owner=SinglePlayer
/gimmick_torturechamber,gimmick_torturechamber,340b9c9132a586d0,414.01,0,495.139,0,180,0,0,0,0,owner=SinglePlayer
/gimmick_torturechamber,gimmick_torturechamber,35ee24c22cb898b7,396.01,0,501.139,0,180,0,0,0,0,owner=SinglePlayer
/gimmick_torturechamber,gimmick_torturechamber,3b12a08f47a7d8d3,396.01,0,477.139,0,180,0,0,0,0,owner=SinglePlayer
/gimmick_torturechamber,gimmick_torturechamber,3d462ee601aa0187,426.122,0,501.065,0,180,0,0,0,0,owner=SinglePlayer
/gimmick_torturechamber,gimmick_torturechamber,3d46e5e1731fac1,420,0,507,0,180,0,0,0,0,owner=SinglePlayer
/gimmick_torturechamber,gimmick_torturechamber,3d717c725360b8bf,444.122,0,501.065,0,180,0,0,0,0,owner=SinglePlayer
/gimmick_torturechamber,gimmick_torturechamber,3e41a02b14b1fd0e,432,0,519,0,180,0,0,0,0,owner=SinglePlayer
/gimmick_torturechamber,gimmick_torturechamber,3f36cf9f2ab9facb,420.01,0,477.139,0,180,0,0,0,0,owner=SinglePlayer
/gimmick_torturechamber,gimmick_torturechamber,3f8a8f880e25f837,438,0,507,0,180,0,0,0,0,owner=SinglePlayer
/gimmick_torturechamber,gimmick_torturechamber,43af87c83a90b02b,419.878,0,512.985,0,180,0,0,0,0,owner=SinglePlayer
/gimmick_torturechamber,gimmick_torturechamber,453255d8769c9c25,408.01,0,501.139,0,180,0,0,0,0,owner=SinglePlayer
/gimmick_torturechamber,gimmick_torturechamber,4a5e4a3b57ae85a3,426.122,0,489.065,0,180,0,0,0,0,owner=SinglePlayer
/gimmick_torturechamber,gimmick_torturechamber,4b94a68c79f6da30,420.01,0,501.139,0,180,0,0,0,0,owner=SinglePlayer
/gimmick_torturechamber,gimmick_torturechamber,4be8d94638e933a5,407.878,0,524.985,0,180,0,0,0,0,owner=SinglePlayer
/gimmick_torturechamber,gimmick_torturechamber,4d7f4e1130ab4341,419.878,0,524.985,0,180,0,0,0,0,owner=SinglePlayer
/gimmick_torturechamber,gimmick_torturechamber,4e028b74bdbcf90,413.878,0,530.985,0,180,0,0,0,0,owner=SinglePlayer
/gimmick_torturechamber,gimmick_torturechamber,4ff0e960785c185b,438,0,525,0,180,0,0,0,0,owner=SinglePlayer
/gimmick_torturechamber,gimmick_torturechamber,543e88e52974a860,444.122,0,477.065,0,180,0,0,0,0,owner=SinglePlayer
/gimmick_torturechamber,gimmick_torturechamber,5467a3c84f6b4d4c,438.122,0,501.065,0,180,0,0,0,0,owner=SinglePlayer
/gimmick_torturechamber,gimmick_torturechamber,54eedc573cd3141b,414.01,0,483.139,0,180,0,0,0,0,owner=SinglePlayer
/gimmick_torturechamber,gimmick_torturechamber,552246f67092a5d9,408.01,0,477.139,0,180,0,0,0,0,owner=SinglePlayer
/gimmick_torturechamber,gimmick_torturechamber,55ec026d4ceeaf75,450.122,0,501.065,0,180,0,0,0,0,owner=SinglePlayer
/gimmick_torturechamber,gimmick_torturechamber,56187087216f3151,413.878,0,524.985,0,180,0,0,0,0,owner=SinglePlayer
/gimmick_torturechamber,gimmick_torturechamber,56a949217070122,432.122,0,501.065,0,180,0,0,0,0,owner=SinglePlayer
/gimmick_torturechamber,gimmick_torturechamber,5af8ddd6224f47bd,444,0,525,0,180,0,0,0,0,owner=SinglePlayer
/gimmick_torturechamber,gimmick_torturechamber,5baaa8bb4eaeb439,432,0,525,0,180,0,0,0,0,owner=SinglePlayer
/gimmick_torturechamber,gimmick_torturechamber,5bb26e8b04ca307a,402.01,0,483.139,0,180,0,0,0,0,owner=SinglePlayer
/gimmick_torturechamber,gimmick_torturechamber,5ce3986c4a3dc42b,408.01,0,483.139,0,180,0,0,0,0,owner=SinglePlayer
/gimmick_torturechamber,gimmick_torturechamber,5ce46c9c7bd75b77,395.878,0,512.985,0,180,0,0,0,0,owner=SinglePlayer
/gimmick_torturechamber,gimmick_torturechamber,5f497ea947609b66,414.01,0,501.139,0,180,0,0,0,0,owner=SinglePlayer
/gimmick_torturechamber,gimmick_torturechamber,5f9bef8228ef05bd,413.878,0,512.985,0,180,0,0,0,0,owner=SinglePlayer
/gimmick_torturechamber,gimmick_torturechamber,66ddddf65596452d,420.01,0,489.139,0,180,0,0,0,0,owner=SinglePlayer
/gimmick_torturechamber,gimmick_torturechamber,687db56424dcf743,401.878,0,524.985,0,180,0,0,0,0,owner=SinglePlayer
/gimmick_torturechamber,gimmick_torturechamber,6a923b6e0e91df1e,401.878,0,506.985,0,180,0,0,0,0,owner=SinglePlayer
/gimmick_torturechamber,gimmick_torturechamber,6aefde7b04fcf464,401.878,0,530.985,0,180,0,0,0,0,owner=SinglePlayer
/gimmick_torturechamber,gimmick_torturechamber,6b8a570c50e42851,426,0,513,0,180,0,0,0,0,owner=SinglePlayer
/gimmick_torturechamber,gimmick_torturechamber,6e0319db034cf8bf,408.01,0,495.139,0,180,0,0,0,0,owner=SinglePlayer
/gimmick_torturechamber,gimmick_torturechamber,6e1d6c4d075df9f1,407.878,0,512.985,0,180,0,0,0,0,owner=SinglePlayer
/gimmick_torturechamber,gimmick_torturechamber,6eeda5f42a864837,450,0,513,0,180,0,0,0,0,owner=SinglePlayer
/gimmick_torturechamber,gimmick_torturechamber,6ffc54594d5e3145,450.122,0,477.065,0,180,0,0,0,0,owner=SinglePlayer
/gimmick_torturechamber,gimmick_torturechamber,711216747722b075,408.01,0,489.139,0,180,0,0,0,0,owner=SinglePlayer
/gimmick_torturechamber,gimmick_torturechamber,7165e3d726f7536f,419.878,0,518.985,0,180,0,0,0,0,owner=SinglePlayer
/gimmick_torturechamber,gimmick_torturechamber,72950223511e206f,444,0,513,0,180,0,0,0,0,owner=SinglePlayer
/gimmick_torturechamber,gimmick_torturechamber,74749d7844ddf989,419.878,0,530.985,0,180,0,0,0,0,owner=SinglePlayer
/gimmick_torturechamber,gimmick_torturechamber,74afd186ad24aa1,395.878,0,530.985,0,180,0,0,0,0,owner=SinglePlayer
/gimmick_torturechamber,gimmick_torturechamber,757d8a5a30b195f4,450.122,0,495.065,0,180,0,0,0,0,owner=SinglePlayer
/gimmick_torturechamber,gimmick_torturechamber,759a66f245d62f1c,426.122,0,483.065,0,180,0,0,0,0,owner=SinglePlayer
/gimmick_torturechamber,gimmick_torturechamber,79f0a7091051565d,432.122,0,495.065,0,180,0,0,0,0,owner=SinglePlayer
/gimmick_torturechamber,gimmick_torturechamber,7b3378e50615c94e,407.878,0,506.985,0,180,0,0,0,0,owner=SinglePlayer
/gimmick_torturechamber,gimmick_torturechamber,7b9f53300ca20d6e,402.01,0,495.139,0,180,0,0,0,0,owner=SinglePlayer
/gimmick_torturechamber,gimmick_torturechamber,7d0441d18d286f4,420.01,0,483.139,0,180,0,0,0,0,owner=SinglePlayer
/gimmick_torturechamber,gimmick_torturechamber,7f43ec044d84a249,401.878,0,518.985,0,180,0,0,0,0,owner=SinglePlayer
/gimmick_torturechamber,gimmick_torturechamber,8b0c15f0a0b8d89,402.01,0,477.139,0,180,0,0,0,0,owner=SinglePlayer
/gimmick_torturechamber,gimmick_torturechamber,9055fff6fc5dcd4,396.01,0,495.139,0,180,0,0,0,0,owner=SinglePlayer
/gimmick_torturechamber,gimmick_torturechamber,955375017da0fb0,395.878,0,506.985,0,180,0,0,0,0,owner=SinglePlayer
/gimmick_torturechamber,gimmick_torturechamber,980759007ce2e99,450,0,519,0,180,0,0,0,0,owner=SinglePlayer
/gimmick_torturechamber,gimmick_torturechamber,a7b7d3e68b74102,444,0,519,0,180,0,0,0,0,owner=SinglePlayer
/gimmick_torturechamber,gimmick_torturechamber,b286fc23af7c6c9,450.122,0,483.065,0,180,0,0,0,0,owner=SinglePlayer
/gimmick_torturechamber,gimmick_torturechamber,bcfde9d5e9c593a,432,0,531,0,180,0,0,0,0,owner=SinglePlayer
/gimmick_torturechamber,gimmick_torturechamber,d41fbc55832490b,438,0,519,0,180,0,0,0,0,owner=SinglePlayer
/gimmick_torturechamber,gimmick_torturechamber,d4e07412e21471f,438,0,531,0,180,0,0,0,0,owner=SinglePlayer
/gimmick_torturechamber,gimmick_torturechamber,eba1af53385a771,396.01,0,489.139,0,180,0,0,0,0,owner=SinglePlayer
/gimmick_torturechamber,gimmick_torturechamber,efb9ccb50ab6ba3,444.122,0,495.065,0,180,0,0,0,0,owner=SinglePlayer
/gimmick_torturechamber,gimmick_torturechamber,f4becd4763c4517,414.01,0,477.139,0,180,0,0,0,0,owner=SinglePlayer
/gimmick_torturechamber,gimmick_torturechamber,f5830fc41ff74a4,438,0,513,0,180,0,0,0,0,owner=SinglePlayer
/gimmick_workshop,gimmick_workshop,1e99711105c9a9e4,463.5,0,493.5,0,180,0,0,0,0,owner=SinglePlayer
/gimmick_workshop_battery,gimmick_workshop_battery,263c5e8007bc066a,471,0,484.5,0,180,0,0,0,0,owner=SinglePlayer
/goals/goal_common_skir_destroy_spawner,goal_common_skir_destroy_spawner,1f1e5e1b3dcc5c4a,0,0,0,0,0,0,0,0,0,accessibleByScript
/rooms/room_arcanium,room_arcanium,685e65946619ed22,517.5,0,526.5,0,180,0,0,0,0,accessibleByScript;owner=SinglePlayer;TileArea.Tiles=170 173#170 174#170 175#170 176#170 177#170 178#171 173#171 174#171 175#171 176#171 177#171 178#172 173#172 174#172 175#172 176#172 177#172 178#173 173#173 174#173 175#173 176#173 177#173 178#174 173#174 174#174 175#174 176#174 177#174 178#175 173#175 174#175 175#175 176#175 177#175 178#176 173#176 174#176 175#176 176#177 173#177 174#177 175#178 173#168 173#168 174#168 175#168 176#168 177#168 178#169 173#169 174#169 175#169 176#169 177#169 178
/rooms/room_crypta,room_crypta,65cc490066ac9640,517.5,0,442.5,0,180,0,0,0,0,owner=SinglePlayer;TileArea.Tiles=151 138#151 139#151 140#151 141#151 142#151 143#151 144#151 145#151 146#151 147#151 148#151 149#152 138#152 139#152 140#152 141#152 142#152 143#152 144#152 145#152 146#152 147#152 148#152 149#153 138#153 139#153 140#153 141#153 142#153 143#153 144#153 145#153 146#153 147#153 148#153 149#154 138#154 139#154 140#154 141#154 142#154 143#154 144#154 145#154 146#154 147#154 148#154 149#155 138#155 139#155 140#155 141#155 142#155 143#155 144#155 145#155 146#155 147#155 148#155 149#156 138#156 139#156 140#156 141#156 142#156 143#156 144#156 145#156 146#156 147#156 148#156 149#157 138#157 139#157 140#157 141#157 142#157 143#157 144#157 145#157 146#157 147#157 148#157 149#158 138#158 139#158 140#158 141#158 142#158 143#158 144#158 145#158 146#158 147#158 148#158 149#159 138#159 139#159 140#159 141#159 142#159 143#159 144#159 145#159 146#159 147#159 148#159 149#160 138#160 139#160 140#160 141#160 142#160 143#160 144#160 145#160 146#160 147#160 148#160 149#161 138#161 139#161 140#161 141#161 142#161 143#161 144#161 145#161 146#161 147#161 148#161 149#162 138#162 139#162 140#162 141#162 142#162 143#162 144#162 145#162 146#162 147#162 148#162 149#163 138#163 139#163 140#163 141#163 142#163 143#163 144#163 145#163 146#163 147#163 148#163 149#164 138#164 139#164 140#164 141#164 142#164 143#164 144#164 145#164 146#164 147#164 148#164 149#165 138#165 139#165 140#165 141#165 142#165 143#165 144#165 145#165 146#165 147#165 148#165 149#166 138#166 139#166 140#166 141#166 142#166 143#166 144#166 145#166 146#166 147#166 148#166 149#167 138#167 139#167 140#167 141#167 142#167 143#167 144#167 145#167 146#167 147#167 148#167 149#168 138#168 139#168 140#168 141#168 142#168 143#168 144#168 145#168 146#168 147#168 148#168 149#169 138#169 139#169 140#169 141#169 142#169 143#169 144#169 145#169 146#169 147#169 148#169 149#170 138#170 139#170 140#170 141#170 142#170 143#170 144#170 145#170 146#170 147#170 148#170 149#171 138#171 139#171 140#171 141#171 142#171 143#171 144#171 145#171 146#171 147#171 148#171 149#172 138#172 139#172 140#172 141#172 142#172 143#172 144#172 145#172 146#172 147#172 148#172 149#173 138#173 139#173 140#173 141#173 142#173 143#173 144#173 145#173 146#173 147#173 148#173 149#174 138#174 139#174 140#174 141#174 142#174 143#174 144#174 145#174 146#174 147#174 148#174 149#175 138#175 139#175 140#175 141#175 142#175 143#175 144#175 145#175 146#175 147#175 148#175 149#176 138#176 139#176 140#176 141#176 142#176 143#176 144#176 145#176 146#176 147#176 148#176 149#177 138#177 139#177 140#177 141#177 142#177 143#177 144#177 145#177 146#177 147#177 148#177 149#178 138#178 139#178 140#178 141#178 142#178 143#178 144#178 145#178 146#178 147#178 148#178 149#179 138#179 139#179 140#179 141#179 142#179 143#179 144#179 145#179 146#179 147#179 148#179 149#180 138#180 139#180 140#180 141#180 142#180 143#180 144#180 145#180 146#180 147#180 148#180 149#181 138#181 139#181 140#181 141#181 142#181 143#181 144#181 145#181 146#181 147#181 148#181 149#182 138#182 139#182 140#182 141#182 142#182 143#182 144#182 145#182 146#182 147#182 148#182 149#183 138#183 139#183 140#183 141#183 142#183 143#183 144#183 145#183 146#183 147#183 148#183 149#184 138#184 139#184 140#184 141#184 142#184 143#184 144#184 145#184 146#184 147#184 148#184 149#185 138#185 139#185 140#185 141#185 142#185 143#185 144#185 145#185 146#185 147#185 148#185 149#186 138#186 139#186 140#186 141#186 142#186 143#186 144#186 145#186 146#186 147#186 148#186 149#187 138#187 139#187 140#187 141#187 142#187 143#187 144#187 145#187 146#187 147#187 148#187 149#188 138#188 139#188 140#188 141#188 142#188 143#188 144#188 145#188 146#188 147#188 148#188 149#189 138#189 139#189 140#189 141#189 142#189 143#189 144#189 145#189 146#189 147#189 148#189 149#190 138#190 139#190 140#190 141#190 142#190 143#190 144#190 145#190 146#190 147#190 148#190 149#191 138#191 139#191 140#191 141#191 142#191 143#191 144#191 145#191 146#191 147#191 148#191 149#192 138#192 139#192 140#192 141#192 142#192 143#192 144#192 145#192 146#192 147#192 148#192 149#193 138#193 139#193 140#193 141#193 142#193 143#193 144#193 145#193 146#193 147#194 138#194 139#194 140#194 141#194 142#194 143#194 144#194 145#195 138#195 139#195 140#195 141#195 142#195 143#196 138#196 139#196 140#196 141#196 142#197 138#197 139#197 140#198 138#151 137#152 137#153 137#154 137#155 137#156 137#157 137#158 137#159 137#160 137#161 137#162 137#163 137#164 137#165 137#166 137#167 137#168 137#169 137#170 137#171 137#172 137#173 137#174 137#175 137#176 137#177 137#178 137#179 137#180 137#181 137#182 137#183 137#184 137#185 137#186 137#187 137#188 137#189 137#190 137#191 137#192 137#193 137#194 137#195 137#196 137#197 137#198 137#153 150#153 151#153 152#153 153#153 154#153 155#153 156#153 157#153 158#154 150#154 151#154 152#154 153#154 154#154 155#154 156#154 157#154 158#155 150#155 151#155 152#155 153#155 154#155 155#155 156#155 157#155 158#156 150#156 151#156 152#156 153#156 154#156 155#156 156#156 157#156 158#157 150#157 151#157 152#157 153#157 154#157 155#157 156#157 157#157 158#158 150#158 151#158 152#158 153#158 154#158 155#158 156#158 157#158 158#159 150#159 151#159 152#159 153#159 154#159 155#159 156#159 157#159 158#160 150#160 151#160 152#160 153#160 154#160 155#160 156#160 157#160 158#161 150#161 151#161 152#161 153#161 154#161 155#161 156#161 157#161 158#162 150#162 151#162 152#162 153#162 154#162 155#162 156#162 157#162 158#163 150#163 151#163 152#163 153#163 154#163 155#163 156#163 157#163 158#164 150#164 151#164 152#164 153#164 154#164 155#164 156#164 157#164 158#165 150#165 151#165 152#165 153#165 154#165 155#165 156#165 157#165 158#166 150#166 151#166 152#166 153#166 154#166 155#166 156#166 157#166 158#167 150#167 151#167 152#167 153#167 154#167 155#167 156#167 157#167 158#168 150#168 151#168 152#168 153#168 154#168 155#168 156#168 157#168 158#169 150#169 151#169 152#169 153#169 154#169 155#169 156#169 157#169 158#170 150#170 151#170 152#170 153#170 154#170 155#170 156#170 157#170 158#171 150#171 151#171 152#171 153#171 154#171 155#171 156#171 157#171 158#172 150#172 151#172 152#172 153#172 154#172 155#172 156#172 157#172 158#173 150#173 151#173 152#173 153#173 154#173 155#173 156#173 157#173 158#174 150#174 151#174 152#174 153#174 154#174 155#174 156#174 157#174 158#175 150#175 151#175 152#175 153#175 154#175 155#175 156#175 157#175 158#176 150#176 151#176 152#176 153#176 154#176 155#176 156#176 157#176 158#177 150#177 151#177 152#177 153#177 154#177 155#177 156#177 157#177 158#178 150#178 151#178 152#178 153#178 154#178 155#178 156#178 157#178 158#179 150#179 151#179 152#179 153#179 154#179 155#179 156#179 157#179 158#180 150#180 151#180 152#180 153#180 154#180 155#180 156#180 157#180 158#181 150#181 151#181 152#181 153#181 154#181 155#181 156#181 157#181 158#182 150#182 151#182 152#182 153#182 154#182 155#182 156#182 157#182 158#183 150#183 151#183 152#183 153#183 154#183 155#183 156#183 157#183 158#184 150#184 151#184 152#184 153#184 154#184 155#184 156#184 157#184 158#185 150#185 151#185 152#185 153#185 154#185 155#185 156#185 157#185 158#186 150#186 151#186 152#186 153#186 154#186 155#186 156#186 157#186 158#187 150#187 151#187 152#187 153#187 154#187 155#187 156#187 157#188 150#188 151#188 152#188 153#188 154#188 155#188 156#189 150#189 151#189 152#189 153#189 154#190 150#190 151#190 152#191 150#151 150#151 151#151 152#151 153#151 154#151 155#152 150#152 151#152 152#152 153#152 154#152 155
/rooms/room_evilvault,room_evilvault,7921381c19d00256,484.5,0,586.5,0,180,0,0,0,0,accessibleByScript;owner=SinglePlayer;TileArea.Tiles=157 195#157 196#158 195#158 196#159 195#159 196#159 197#160 195#160 196#160 197#161 195#161 196#161 197#162 195#162 196#162 197#163 195#163 196#163 197#163 194#163 198#163 199#164 194#164 195#164 196#164 197#165 194#165 195#166 194#155 194#156 194#156 195#157 194#158 194#159 194#160 194#161 194#161 198#162 194#162 198#154 194
/rooms/room_graveyard,room_graveyard,6303f36b0bc3b870,523.5,0,496.5,0,180,0,0,0,0,owner=SinglePlayer;TileArea.Tiles=169 160#169 161#169 162#169 163#169 164#169 165#169 166#169 167#169 168#169 169#169 170#169 171#170 160#170 161#170 162#170 163#170 164#170 165#170 166#170 167#170 168#170 169#170 170#170 171#171 160#171 161#171 162#171 163#171 164#171 165#171 166#171 167#171 168#171 169#171 170#171 171#172 160#172 161#172 162#172 163#172 164#172 165#172 166#172 167#172 168#172 169#172 170#172 171#173 160#173 161#173 162#173 163#173 164#173 165#173 166#173 167#173 168#173 169#173 170#173 171#174 160#174 161#174 162#174 163#174 164#174 165#174 166#174 167#174 168#174 169#174 170#174 171#175 160#175 161#175 162#175 163#175 164#175 165#175 166#175 167#175 168#175 169#175 170#175 171#176 160#176 161#176 162#176 163#176 164#176 165#176 166#176 167#176 168#176 169#176 170#176 171#177 160#177 161#177 162#177 163#177 164#177 165#177 166#177 167#177 168#177 169#177 170#177 171#178 160#178 161#178 162#178 163#178 164#178 165#178 166#178 167#178 168#178 169#178 170#178 171#179 160#179 161#179 162#179 163#179 164#179 165#179 166#179 167#179 168#179 169#179 170#179 171#168 160#168 161#168 162#168 163#168 164#168 165#168 166#168 167#168 168#168 169#168 170#168 171#180 160#180 161#180 162#180 163#180 164#180 165#180 166#180 167#180 168#181 160#181 161#181 162#181 163#181 164#181 165#181 166#181 167#181 168#180 169#182 160#182 161#182 162#182 163#182 164#182 165#182 166#183 160#183 161#183 162#183 163#183 164#184 160#184 161#184 162#185 160#185 161
/rooms/room_guardroom,room_guardroom,1d87589b6aa04a92,430.5,0,454.5,0,180,0,0,0,0,owner=SinglePlayer;TileArea.Tiles=138 144#138 145#138 146#138 147#138 148#138 149#138 150#138 151#138 152#138 153#138 154#138 155#139 144#139 145#139 146#139 147#139 148#139 149#139 150#139 151#139 152#139 153#139 154#139 155#140 144#140 145#140 146#140 147#140 148#140 149#140 150#140 151#140 152#140 153#140 154#140 155#141 144#141 145#141 146#141 147#141 148#141 149#141 150#141 151#141 152#141 153#141 154#141 155#142 144#142 145#142 146#142 147#142 148#142 149#142 150#142 151#142 152#142 153#142 154#142 155#143 144#143 145#143 146#143 147#143 148#143 149#143 150#143 151#143 152#143 153#143 154#143 155#144 144#144 145#144 146#144 147#144 148#144 149#144 150#144 151#144 152#144 153#144 154#144 155#145 144#145 145#145 146#145 147#145 148#145 149#145 150#145 151#145 152#145 153#145 154#145 155#146 144#146 145#146 146#146 147#146 148#146 149#146 150#146 151#146 152#146 153#146 154#146 155#147 144#147 145#147 146#147 147#147 148#147 149#147 150#147 151#147 152#147 153#147 154#147 155#148 144#148 145#148 146#148 147#148 148#148 149#148 150#148 151#148 152#148 153#148 154#148 155#149 144#149 145#149 146#149 147#149 148#149 149#149 150#149 151#149 152#149 153#149 154#149 155
/rooms/room_gurufarm,room_gurufarm,7e910af36eaa6db2,409.5,0,454.5,0,180,0,0,0,0,owner=SinglePlayer;TileArea.Tiles=130 144#130 145#130 146#130 147#130 148#130 149#130 150#130 151#130 152#130 153#130 154#130 155#131 144#131 145#131 146#131 147#131 148#131 149#131 150#131 151#131 152#131 153#131 154#131 155#132 144#132 145#132 146#132 147#132 148#132 149#132 150#132 151#132 152#132 153#132 154#132 155#133 144#133 145#133 146#133 147#133 148#133 149#133 150#133 151#133 152#133 153#133 154#133 155#134 144#134 145#134 146#134 147#134 148#134 149#134 150#134 151#134 152#134 153#134 154#134 155#135 144#135 145#135 146#135 147#135 148#135 149#135 150#135 151#135 152#135 153#135 154#135 155#136 144#136 145#136 146#136 147#136 148#136 149#136 150#136 151#136 152#136 153#136 154#136 155
/rooms/room_necrodancicon,room_necrodancicon,757abab859725f93,484.5,0,529.5,0,180,0,0,0,0,owner=SinglePlayer;TileArea.Tiles=162 173#162 174#162 175#162 176#162 177#162 178#163 173#163 174#163 175#163 176#163 177#163 178#164 173#164 174#164 175#164 176#164 177#164 178#165 173#165 174#165 175#165 176#165 177#165 178#166 173#166 174#166 175#166 176#166 177#166 178
/rooms/room_prison,room_prison,426e373025bcb58b,490.5,0,511.5,0,180,0,0,0,0,owner=SinglePlayer;TileArea.Tiles=162 160#162 161#162 162#162 163#162 164#162 165#162 166#162 167#162 168#162 169#162 170#162 171#163 160#163 161#163 162#163 163#163 164#163 165#163 166#163 167#163 168#163 169#163 170#163 171#164 160#164 161#164 162#164 163#164 164#164 165#164 166#164 167#164 168#164 169#164 170#164 171#165 160#165 161#165 162#165 163#165 164#165 165#165 166#165 167#165 168#165 169#165 170#165 171#166 160#166 161#166 162#166 163#166 164#166 165#166 166#166 167#166 168#166 169#166 170#166 171
/rooms/room_relaxchamber,room_relaxchamber,14b79fba58a52505,433.5,0,505.5,0,180,0,0,0,0,owner=SinglePlayer;TileArea.Tiles=153 173#153 174#153 175#153 176#153 177#153 178#154 173#154 174#154 175#154 176#154 177#154 178#155 173#155 174#155 175#155 176#155 177#155 178#156 173#156 174#156 175#156 176#156 177#156 178#157 173#157 174#157 175#157 176#157 177#157 178#158 173#158 174#158 175#158 176#158 177#158 178
/rooms/room_temple,room_temple,3387a449099bef27,469.5,0,508.5,0,180,0,0,0,0,owner=SinglePlayer;TileArea.Tiles=154 167#154 168#154 169#154 170#154 171#155 167#155 168#155 169#155 170#155 171#156 167#156 168#156 169#156 170#156 171#157 167#157 168#157 169#157 170#157 171#158 167#158 168#158 169#158 170#158 171#153 167#153 168#153 169#153 170#153 171
/rooms/room_torturechamber,room_torturechamber,5dc9a7cd49fba797,391.318,0,482.206,0,180,0,0,0,0,owner=SinglePlayer;TileArea.Tiles=130 157#130 158#130 159#130 160#130 161#130 162#130 163#130 164#130 165#130 166#130 167#130 168#130 169#130 170#130 171#130 172#130 173#130 174#130 175#130 176#130 177#130 178#131 157#131 158#131 159#131 160#131 161#131 162#131 163#131 164#131 165#131 166#131 167#131 168#131 169#131 170#131 171#131 172#131 173#131 174#131 175#131 176#131 177#131 178#132 157#132 158#132 159#132 160#132 161#132 162#132 163#132 164#132 165#132 166#132 167#132 168#132 169#132 170#132 171#132 172#132 173#132 174#132 175#132 176#132 177#132 178#133 157#133 158#133 159#133 160#133 161#133 162#133 163#133 164#133 165#133 166#133 167#133 168#133 169#133 170#133 171#133 172#133 173#133 174#133 175#133 176#133 177#133 178#134 157#134 158#134 159#134 160#134 161#134 162#134 163#134 164#134 165#134 166#134 167#134 168#134 169#134 170#134 171#134 172#134 173#134 174#134 175#134 176#134 177#134 178#135 157#135 158#135 159#135 160#135 161#135 162#135 163#135 164#135 165#135 166#135 167#135 168#135 169#135 170#135 171#135 172#135 173#135 174#135 175#135 176#135 177#135 178#136 157#136 158#136 159#136 160#136 161#136 162#136 163#136 164#136 165#136 166#136 167#136 168#136 169#136 170#136 171#136 172#136 173#136 174#136 175#136 176#136 177#136 178#137 157#137 158#137 159#137 160#137 161#137 162#137 163#137 164#137 165#137 166#137 167#137 168#137 169#137 170#137 171#137 172#137 173#137 174#137 175#137 176#137 177#137 178#138 157#138 158#138 159#138 160#138 161#138 162#138 163#138 164#138 165#138 166#138 167#138 168#138 169#138 170#138 171#138 172#138 173#138 174#138 175#138 176#138 177#138 178#139 157#139 158#139 159#139 160#139 161#139 162#139 163#139 164#139 165#139 166#139 167#139 168#139 169#139 170#139 171#139 172#139 173#139 174#139 175#139 176#139 177#139 178#140 157#140 158#140 159#140 160#140 161#140 162#140 163#140 164#140 165#140 166#140 167#140 168#140 169#140 170#140 171#140 172#140 173#140 174#140 175#140 176#140 177#140 178#141 157#141 158#141 159#141 160#141 161#141 162#141 163#141 164#141 165#141 166#141 167#141 168#141 169#141 170#141 171#141 172#141 173#141 174#141 175#141 176#141 177#141 178#142 157#142 158#142 159#142 160#142 161#142 162#142 163#142 164#142 165#142 166#142 167#142 168#142 169#142 170#142 171#142 172#142 173#142 174#142 175#142 176#142 177#142 178#143 157#143 158#143 159#143 160#143 161#143 162#143 163#143 164#143 165#143 166#143 167#143 168#143 169#143 170#143 171#143 172#143 173#143 174#143 175#143 176#143 177#143 178#144 157#144 158#144 159#144 160#144 161#144 162#144 163#144 164#144 165#144 166#144 167#144 168#144 169#144 170#144 171#144 172#144 173#144 174#144 175#144 176#144 177#144 178#145 157#145 158#145 159#145 160#145 161#145 162#145 163#145 164#145 165#145 166#145 167#145 168#145 169#145 170#145 171#145 172#145 173#145 174#145 175#145 176#145 177#145 178#146 157#146 158#146 159#146 160#146 161#146 162#146 163#146 164#146 165#146 166#146 167#146 168#146 169#146 170#146 171#146 172#146 173#146 174#146 175#146 176#146 177#146 178#147 157#147 158#147 159#147 160#147 161#147 162#147 163#147 164#147 165#147 166#147 167#147 168#147 169#147 170#147 171#147 172#147 173#147 174#147 175#147 176#147 177#147 178#148 157#148 158#148 159#148 160#148 161#148 162#148 163#148 164#148 165#148 166#148 167#148 168#148 169#148 170#148 171#148 172#148 173#148 174#148 175#148 176#148 177#148 178#149 157#149 158#149 159#149 160#149 161#149 162#149 163#149 164#149 165#149 166#149 167#149 168#149 169#149 170#149 171#149 172#149 173#149 174#149 175#149 176#149 177#149 178#150 157#150 158#150 159#150 160#150 161#150 162#150 163#150 164#150 165#150 166#150 167#150 168#150 169#150 170#150 171#150 172#150 173#150 174#150 175#150 176#150 177#150 178#151 157#151 158#151 159#151 160#151 161#151 162#151 163#151 164#151 165#151 166#151 167#151 168#151 169#151 170#151 171#151 172#151 173#151 174#151 175#151 176#151 177#151 178
/rooms/room_treasury,room_treasury,79606bf94ae78712,508.5,0,553.5,0,180,0,0,0,0,owner=SinglePlayer;TileArea.Tiles=168 181#168 182#168 183#168 184#168 186#168 187#168 188#168 189#169 180#169 181#169 182#169 184#169 185#169 186#169 187#170 180#170 182#170 183#170 184#170 185#170 187#171 180#171 181#171 182#171 183#171 185#172 180#172 181#172 183#173 181#173 182
/rooms/room_treasury1,room_treasury,4ba627fd7e81a6bd,436.5,0,553.5,0,180,0,0,0,0,accessibleByScript;owner=SinglePlayer;TileArea.Tiles=131 180#131 181#132 180#133 180#133 181#133 182#134 180#134 181#135 181#135 182#135 183#136 180#136 181#136 182#137 180#137 182#137 183#137 184#138 180#138 181#138 182#138 183#138 185#139 180#139 181#139 183#139 184#139 185#140 181#140 182#140 183#140 184#140 186#141 180#141 181#141 182#141 184#141 185#141 186#142 180#142 182#142 183#142 184#142 185#142 187#143 180#143 181#143 182#143 183#143 185#143 186#143 187#143 188#144 180#144 181#144 183#144 184#144 185#144 186#144 188#145 181#145 182#145 183#145 184#145 186#145 187#145 188#145 189#146 180#146 181#146 182#146 184#146 185#146 186#146 187#146 189#147 180#147 182#147 183#147 184#147 185#147 187#147 188#147 189#147 190#148 180#148 181#148 182#148 183#148 185#148 186#148 187#148 188#148 190#149 180#149 181#149 183#149 184#149 185#149 186#149 188#149 189#149 190#149 191#150 181#150 182#150 183#150 184#150 186#150 187#150 188#150 189#150 191#150 192#151 180#151 181#151 182#151 184#151 185#151 186#151 187#151 189#151 190#151 191#151 192#152 180#152 182#152 183#152 184#152 185#152 187#152 188#152 189#152 190#152 192#152 193#152 186
/rooms/room_workshop,room_workshop,1183166913cb2baf,466.5,0,487.5,0,180,0,0,0,0,accessibleByScript;owner=SinglePlayer;TileArea.Tiles=153 160#153 161#153 162#153 163#153 164#153 165#154 160#154 161#154 162#154 163#154 164#154 165#155 160#155 161#155 162#155 163#155 164#155 165#156 160#156 161#156 162#156 163#156 164#156 165#157 160#157 161#157 162#157 163#157 164#157 165#158 160#158 161#158 162#158 163#158 164#158 165
/room_throneroom,room_throneroom,824167e3b7393b5,481.5,0,559.5,0,180,0,0,0,0,accessibleByScript;owner=SinglePlayer;TileArea.Tiles=154 180#154 181#154 182#154 183#154 184#154 185#154 186#154 187#154 188#154 189#154 190#154 191#154 192#155 180#155 181#155 182#155 183#155 184#155 185#155 186#155 187#155 188#155 189#155 190#155 191#155 192#156 180#156 181#156 182#156 183#156 184#156 185#156 186#156 187#156 188#156 189#156 190#156 191#156 192#157 180#157 181#157 182#157 183#157 184#157 185#157 186#157 187#157 188#157 189#157 190#157 191#157 192#158 180#158 181#158 182#158 183#158 184#158 185#158 186#158 187#158 188#158 189#158 190#158 191#158 192#159 180#159 181#159 182#159 183#159 184#159 185#159 186#159 187#159 188#159 189#159 190#159 191#159 192#160 180#160 181#160 182#160 183#160 184#160 185#160 186#160 187#160 188#160 189#160 190#160 191#160 192#161 180#161 181#161 182#161 183#161 184#161 185#161 186#161 187#161 188#161 189#161 190#161 191#161 192#162 180#162 181#162 182#162 183#162 184#162 185#162 186#162 187#162 188#162 189#162 190#162 191#162 192#163 180#163 181#163 182#163 183#163 184#163 185#163 186#163 187#163 188#163 189#163 190#163 191#163 192#164 180#164 181#164 182#164 183#164 184#164 185#164 186#164 187#164 188#164 189#164 190#164 191#164 192#165 180#165 181#165 182#165 183#165 184#165 185#165 186#165 187#165 188#165 189#165 190#165 191#165 192#166 180#166 181#166 182#166 183#166 184#166 185#166 186#166 187#166 188#166 189#166 190#166 191#166 192;list=e_room_throneroom
/scripts/script_skir_hero_level_manager,script_skir_hero_level_manager,1333f61c78a82dc4,0,0,0,0,0,0,0,0,0,accessibleByScript;owner=SinglePlayer
/scripts/s_my_award,s_my_award,68982e227d77be85,0,0,0,0,0,0,0,0,0,accessibleByScript;owner=SinglePlayer
/scripts/s_my_create,s_my_create,5c3d6f4a2f92390f,0,0,0,0,0,0,0,0,0,accessibleByScript;owner=SinglePlayer
/scripts/s_my_money,s_my_money,1db09e7172139c1d,0,0,0,0,0,0,0,0,0,accessibleByScript;owner=SinglePlayer
/scripts/s_my_spawn,s_my_spawn,33c4c1225553ba9f,0,0,0,0,0,0,0,0,0,accessibleByScript;owner=SinglePlayer
/scripts/s_my_spawn_hero_priestess,s_my_spawn_hero_priestess,3556c52b010a3c08,0,0,0,0,0,0,0,0,0,accessibleByScript;owner=SinglePlayer
/spawners/spawner_camp,spawner_camp,1cc9e974786f3052,3363.808,0,457.192,0,220,0,0,0,0,OutbuildingBuilder.MatchDistance=35;list=my_spawner
/spawners/spawner_camp,spawner_camp,2079283a11f8ef21,3424.528,0,432.534,0,220,0,0,0,0,OutbuildingBuilder.MatchDistance=35;list=my_spawner
/spawners/spawner_camp,spawner_camp,27b7f42b59c747e1,3485.599,0,479.36,0,220,0,0,0,0,OutbuildingBuilder.MatchDistance=35;list=my_spawner
/spawners/spawner_camp,spawner_camp,299bcd7d1189fccc,3420.903,0,486.899,0,220,0,0,0,0,OutbuildingBuilder.MatchDistance=35;list=my_spawner
/spawners/spawner_camp,spawner_camp,3102f1ee244ba3c6,3419.527,0,522.537,0,220,0,0,0,0,OutbuildingBuilder.MatchDistance=35;list=my_spawner
/spawners/spawner_camp,spawner_camp,3a01c645b06b2a6,3461.078,0,431.509,0,220,0,0,0,0,OutbuildingBuilder.MatchDistance=35;list=my_spawner
/spawners/spawner_camp,spawner_camp,3c321f865b55ceac,3371.91,0,521.343,0,220,0,0,0,0,OutbuildingBuilder.MatchDistance=35;list=my_spawner
/spawners/spawner_camp,spawner_camp,3d4ffaaf61715d52,3411.149,0,381.164,0,220,0,0,0,0,OutbuildingBuilder.MatchDistance=35;list=my_spawner
/spawners/spawner_camp,spawner_camp,43923f566a88ae05,3463.532,0,529.153,0,220,0,0,0,0,OutbuildingBuilder.MatchDistance=35;list=my_spawner
/spawners/spawner_camp,spawner_camp,4c72b2ae0bbd1e0b,3514.558,0,513.529,0,220,0,0,0,0,OutbuildingBuilder.MatchDistance=35;list=my_spawner
/spawners/spawner_camp,spawner_camp,5301423a48798631,3534.22,0,464.797,0,220,0,0,0,0,OutbuildingBuilder.MatchDistance=35;list=my_spawner
/spawners/spawner_camp,spawner_camp,54947c1b7439c1ca,3395.712,0,466.438,0,220,0,0,0,0,OutbuildingBuilder.MatchDistance=35;list=my_spawner
/spawners/spawner_camp,spawner_camp,59f656e6635ab1c6,3383.362,0,416.096,0,220,0,0,0,0,OutbuildingBuilder.MatchDistance=35;list=my_spawner
/spawners/spawner_camp,spawner_camp,5ad59e273f36df6a,3490.351,0,412.821,0,220,0,0,0,0,OutbuildingBuilder.MatchDistance=35;list=my_spawner
/spawners/spawner_camp,spawner_camp,74657fcf6327335f,3467.753,0,388.356,0,220,0,0,0,0,OutbuildingBuilder.MatchDistance=35;list=my_spawner
/spawners/spawner_camp,spawner_camp,7738c3e03a80d6d0,3532.801,0,407.361,0,220,0,0,0,0,OutbuildingBuilder.MatchDistance=35;list=my_spawner
/spawners/spawner_camp,spawner_camp,7ac2754332f634da,3508.749,0,445.84,0,220,0,0,0,0,OutbuildingBuilder.MatchDistance=35;list=my_spawner
/spawners/spawner_camp,spawner_camp,84a1cba287413d6,3450.256,0,500.703,0,220,0,0,0,0,OutbuildingBuilder.MatchDistance=35;list=my_spawner
/spawners/spawner_city,spawner_city,708cf8d930fc2d2c,3514.761,0,535.143,0,220,0,0,0,0,OutbuildingBuilder.MatchDistance=35;list=my_spawner
/spawners/spawner_edboss_all,spawner_edboss_all,3999caa9607d4d45,3374.945,0,373.245,0,180,0,0,0,0,
/spawners/spawner_edboss_colossus_hero_level,spawner_edboss_colossus_hero_level,6f456e0326fe949f,3362.229,0,539.073,0,180,0,0,0,0,
/spawners/spawner_edboss_crystalgolem_hero_level,spawner_edboss_crystalgolem_hero_level,2f1c50a61599273a,3409.684,0,540.106,0,180,0,0,0,0,
/spawners/spawner_edboss_hypnofrog_hero_level,spawner_edboss_hypnofrog_hero_level,35f138f267240382,3525.756,0,428.167,0,180,0,0,0,0,
/spawners/spawner_edboss_unicorn_hero_level,spawner_edboss_unicorn_hero_level,3438cd550a76316e,3527.98,0,372.493,0,180,0,0,0,0,MakeExceptIfHeroLevel.Minimum=1
/spawners/spawner_vil,spawner_vil,789705350526e24a,3538.682,0,517.64,0,220,0,0,0,0,OutbuildingBuilder.MatchDistance=35;list=my_spawner
/tower_vill_hero_crossbow,tower_vill_hero_crossbow,4026ee61ecb4328,3526.144,0,503.838,0,220,0,0,0,0,
/tower_vill_hero_crossbow,tower_vill_hero_crossbow,7dd925055188c1df,3503.07,0,522.6,0,220,0,0,0,0,
/trap_ground_spike_medium,trap_ground_spike_medium,11ef9c781b1f1170,502.5,0,355.5,0,270,0,0,0,0,owner=SinglePlayer
/trap_ground_spike_medium,trap_ground_spike_medium,15c7b74d1cd87887,436.5,0,337.5,0,0,0,0,0,0,owner=SinglePlayer
/trap_ground_spike_medium,trap_ground_spike_medium,185df5b2023cf22,493.5,0,352.5,0,270,0,0,0,0,owner=SinglePlayer
/trap_ground_spike_medium,trap_ground_spike_medium,1a3dbb357064583f,388.5,0,352.5,0,0,0,0,0,0,owner=SinglePlayer
/trap_ground_spike_medium,trap_ground_spike_medium,1b821878133a5e19,466.5,0,337.5,0,0,0,0,0,0,owner=SinglePlayer
/trap_ground_spike_medium,trap_ground_spike_medium,1c66ff511fb29737,478.5,0,346.5,0,0,0,0,0,0,owner=SinglePlayer
/trap_ground_spike_medium,trap_ground_spike_medium,1ca83e7334988b49,394.5,0,343.5,0,0,0,0,0,0,owner=SinglePlayer
/trap_ground_spike_medium,trap_ground_spike_medium,1ef355f52ec2b310,496.5,0,358.5,0,270,0,0,0,0,owner=SinglePlayer
/trap_ground_spike_medium,trap_ground_spike_medium,1f4293360f40814e,430.5,0,340.5,0,0,0,0,0,0,owner=SinglePlayer
/trap_ground_spike_medium,trap_ground_spike_medium,23b0b5f1157f62cb,427.5,0,346.5,0,270,0,0,0,0,owner=SinglePlayer
/trap_ground_spike_medium,trap_ground_spike_medium,23f9b6cb3290a87c,442.5,0,328.5,0,0,0,0,0,0,owner=SinglePlayer
/trap_ground_spike_medium,trap_ground_spike_medium,24b22bc54a333272,472.5,0,346.5,0,0,0,0,0,0,owner=SinglePlayer
/trap_ground_spike_medium,trap_ground_spike_medium,24cef4fb42ec51bb,421.5,0,313.5,0,270,0,0,0,0,owner=SinglePlayer
/trap_ground_spike_medium,trap_ground_spike_medium,24f2e0bf4ea30fa8,409.5,0,349.5,0,270,0,0,0,0,owner=SinglePlayer
/trap_ground_spike_medium,trap_ground_spike_medium,2a1ea9e510bbd574,436.5,0,346.5,0,0,0,0,0,0,owner=SinglePlayer
/trap_ground_spike_medium,trap_ground_spike_medium,2aaf217a5c17e96d,448.5,0,337.5,0,0,0,0,0,0,owner=SinglePlayer
/trap_ground_spike_medium,trap_ground_spike_medium,2e7c416c1fd38321,421.5,0,310.5,0,270,0,0,0,0,owner=SinglePlayer
/trap_ground_spike_medium,trap_ground_spike_medium,2f4908211ebef349,478.5,0,358.5,0,270,0,0,0,0,owner=SinglePlayer
/trap_ground_spike_medium,trap_ground_spike_medium,302bcd9e58cb6f37,466.5,0,346.5,0,0,0,0,0,0,owner=SinglePlayer
/trap_ground_spike_medium,trap_ground_spike_medium,30a7c2cd755e9c25,409.5,0,307.5,0,270,0,0,0,0,owner=SinglePlayer
/trap_ground_spike_medium,trap_ground_spike_medium,30acc6310b7bf9d0,430.5,0,322.5,0,0,0,0,0,0,owner=SinglePlayer
/trap_ground_spike_medium,trap_ground_spike_medium,32274b2b2540e210,400.5,0,337.5,0,0,0,0,0,0,owner=SinglePlayer
/trap_ground_spike_medium,trap_ground_spike_medium,3272998e733b0196,490.5,0,349.5,0,270,0,0,0,0,owner=SinglePlayer
/trap_ground_spike_medium,trap_ground_spike_medium,329c56074f50dcbd,412.5,0,304.5,0,270,0,0,0,0,owner=SinglePlayer
/trap_ground_spike_medium,trap_ground_spike_medium,33c04a55728ff063,391.5,0,337.5,0,270,0,0,0,0,owner=SinglePlayer
/trap_ground_spike_medium,trap_ground_spike_medium,344b23841dc3f5c,424.5,0,358.5,0,270,0,0,0,0,owner=SinglePlayer
/trap_ground_spike_medium,trap_ground_spike_medium,37157a8530b2cc2,412.5,0,310.5,0,270,0,0,0,0,owner=SinglePlayer
/trap_ground_spike_medium,trap_ground_spike_medium,39a3169b292c143f,475.5,0,340.5,0,270,0,0,0,0,owner=SinglePlayer
/trap_ground_spike_medium,trap_ground_spike_medium,3acb08674fe79bd3,454.5,0,337.5,0,0,0,0,0,0,owner=SinglePlayer
/trap_ground_spike_medium,trap_ground_spike_medium,3b87f25a24f98d87,397.5,0,358.5,0,270,0,0,0,0,owner=SinglePlayer
/trap_ground_spike_medium,trap_ground_spike_medium,3f4897c81f66026e,451.5,0,328.5,0,270,0,0,0,0,owner=SinglePlayer
/trap_ground_spike_medium,trap_ground_spike_medium,3f6521873c59d2fb,433.5,0,358.5,0,270,0,0,0,0,owner=SinglePlayer
/trap_ground_spike_medium,trap_ground_spike_medium,3fdc42ef2ad43a94,418.5,0,346.5,0,270,0,0,0,0,owner=SinglePlayer
/trap_ground_spike_medium,trap_ground_spike_medium,40c1c3b37115737f,448.5,0,346.5,0,0,0,0,0,0,owner=SinglePlayer
/trap_ground_spike_medium,trap_ground_spike_medium,43e1cbba3b587179,418.5,0,307.5,0,270,0,0,0,0,owner=SinglePlayer
/trap_ground_spike_medium,trap_ground_spike_medium,4551363b6c7a1aae,484.5,0,346.5,0,0,0,0,0,0,owner=SinglePlayer
/trap_ground_spike_medium,trap_ground_spike_medium,4661049a60a06242,460.5,0,346.5,0,0,0,0,0,0,owner=SinglePlayer
/trap_ground_spike_medium,trap_ground_spike_medium,477b3c9258dee8fb,406.5,0,313.5,0,0,0,0,0,0,owner=SinglePlayer
/trap_ground_spike_medium,trap_ground_spike_medium,4b199bc8684aad9e,400.5,0,346.5,0,0,0,0,0,0,owner=SinglePlayer
/trap_ground_spike_medium,trap_ground_spike_medium,4b6aee5474d69ae1,481.5,0,352.5,0,270,0,0,0,0,owner=SinglePlayer
/trap_ground_spike_medium,trap_ground_spike_medium,4e76ee2f05febc85,451.5,0,358.5,0,270,0,0,0,0,owner=SinglePlayer
/trap_ground_spike_medium,trap_ground_spike_medium,4fdd6cc72da523ea,430.5,0,331.5,0,0,0,0,0,0,owner=SinglePlayer
/trap_ground_spike_medium,trap_ground_spike_medium,4ff8e58a1173ba7f,406.5,0,358.5,0,270,0,0,0,0,owner=SinglePlayer
/trap_ground_spike_medium,trap_ground_spike_medium,50052c2047b067a9,436.5,0,328.5,0,0,0,0,0,0,owner=SinglePlayer
/trap_ground_spike_medium,trap_ground_spike_medium,5098e9c727efb13,385.5,0,358.5,0,270,0,0,0,0,owner=SinglePlayer
/trap_ground_spike_medium,trap_ground_spike_medium,50d6ec366a6fd63,415.5,0,352.5,0,270,0,0,0,0,owner=SinglePlayer
/trap_ground_spike_medium,trap_ground_spike_medium,51649b242e6e657f,424.5,0,352.5,0,270,0,0,0,0,owner=SinglePlayer
/trap_ground_spike_medium,trap_ground_spike_medium,58808a2965290a38,382.5,0,352.5,0,0,0,0,0,0,owner=SinglePlayer
/trap_ground_spike_medium,trap_ground_spike_medium,5a11fd3b0919ee1d,388.5,0,343.5,0,0,0,0,0,0,owner=SinglePlayer
/trap_ground_spike_medium,trap_ground_spike_medium,5a1dab005829a9f7,454.5,0,346.5,0,0,0,0,0,0,owner=SinglePlayer
/trap_ground_spike_medium,trap_ground_spike_medium,5cb091830c5ebd82,400.5,0,319.5,0,0,0,0,0,0,owner=SinglePlayer
/trap_ground_spike_medium,trap_ground_spike_medium,5e00819f352e0ab6,469.5,0,358.5,0,270,0,0,0,0,owner=SinglePlayer
/trap_ground_spike_medium,trap_ground_spike_medium,5e7f6fd57471d3e3,442.5,0,358.5,0,270,0,0,0,0,owner=SinglePlayer
/trap_ground_spike_medium,trap_ground_spike_medium,64d4b85519a9dac6,433.5,0,352.5,0,270,0,0,0,0,owner=SinglePlayer
/trap_ground_spike_medium,trap_ground_spike_medium,66fcd2cd0f4ab386,457.5,0,352.5,0,270,0,0,0,0,owner=SinglePlayer
/trap_ground_spike_medium,trap_ground_spike_medium,694da98b6d486feb,403.5,0,352.5,0,270,0,0,0,0,owner=SinglePlayer
/trap_ground_spike_medium,trap_ground_spike_medium,69c529634a6f099d,427.5,0,313.5,0,0,0,0,0,0,owner=SinglePlayer
/trap_ground_spike_medium,trap_ground_spike_medium,6ab9507a176495e2,460.5,0,358.5,0,270,0,0,0,0,owner=SinglePlayer
/trap_ground_spike_medium,trap_ground_spike_medium,6b782f735b3c032a,505.5,0,358.5,0,270,0,0,0,0,owner=SinglePlayer
/trap_ground_spike_medium,trap_ground_spike_medium,6c06b5540186e44b,487.5,0,358.5,0,270,0,0,0,0,owner=SinglePlayer
/trap_ground_spike_medium,trap_ground_spike_medium,6fef2d6f76051f24,442.5,0,337.5,0,0,0,0,0,0,owner=SinglePlayer
/trap_ground_spike_medium,trap_ground_spike_medium,7092c3354907dcea,445.5,0,352.5,0,270,0,0,0,0,owner=SinglePlayer
/trap_ground_spike_medium,trap_ground_spike_medium,726b33f978ed8641,415.5,0,358.5,0,270,0,0,0,0,owner=SinglePlayer
/trap_ground_spike_medium,trap_ground_spike_medium,7317d7752dadaf90,460.5,0,337.5,0,0,0,0,0,0,owner=SinglePlayer
/trap_ground_spike_medium,trap_ground_spike_medium,753b59554d79c967,469.5,0,352.5,0,270,0,0,0,0,owner=SinglePlayer
/trap_ground_spike_medium,trap_ground_spike_medium,7b82db8b036b5b80,442.5,0,346.5,0,0,0,0,0,0,owner=SinglePlayer
/trap_ground_spike_medium,trap_ground_spike_medium,7e7c4f1b6866ed36,400.5,0,328.5,0,0,0,0,0,0,owner=SinglePlayer
/trap_ground_spike_medium,trap_ground_spike_medium,82cdb91e241946,394.5,0,352.5,0,0,0,0,0,0,owner=SinglePlayer
/trap_simple_pusher,trap_simple_pusher,11a9ca444645e99c,394.5,0,337.5,0,180,0,0,0,0,owner=SinglePlayer
/trap_simple_pusher,trap_simple_pusher,13e83cc51949f413,433.5,0,352.5,0,90,0,0,0,0,owner=SinglePlayer
/trap_simple_pusher,trap_simple_pusher,1476afd204d2987d,466.5,0,337.5,0,180,0,0,0,0,owner=SinglePlayer
/trap_simple_pusher,trap_simple_pusher,18e32dba13236d02,448.5,0,331.5,0,0,0,0,0,0,owner=SinglePlayer
/trap_simple_pusher,trap_simple_pusher,196dd0f31a9e06ac,424.5,0,352.5,0,90,0,0,0,0,owner=SinglePlayer
/trap_simple_pusher,trap_simple_pusher,1a17d00a715fd84c,400.5,0,337.5,0,180,0,0,0,0,owner=SinglePlayer
/trap_simple_pusher,trap_simple_pusher,1aff25d150fea85c,403.5,0,352.5,0,90,0,0,0,0,owner=SinglePlayer
/trap_simple_pusher,trap_simple_pusher,1c57349c0ac7b397,424.5,0,358.5,0,90,0,0,0,0,owner=SinglePlayer
/trap_simple_pusher,trap_simple_pusher,27ca1a593b5aea98,484.5,0,346.5,0,0,0,0,0,0,owner=SinglePlayer
/trap_simple_pusher,trap_simple_pusher,2814d2fb0d957f10,388.5,0,349.5,0,0,0,0,0,0,owner=SinglePlayer
/trap_simple_pusher,trap_simple_pusher,291941f307b2074,460.5,0,340.5,0,180,0,0,0,0,owner=SinglePlayer
/trap_simple_pusher,trap_simple_pusher,29c94fd0770d48ed,493.5,0,352.5,0,90,0,0,0,0,owner=SinglePlayer
/trap_simple_pusher,trap_simple_pusher,29e99eed4b614e2b,448.5,0,340.5,0,180,0,0,0,0,owner=SinglePlayer
/trap_simple_pusher,trap_simple_pusher,2df27b76920ff76,478.5,0,343.5,0,180,0,0,0,0,owner=SinglePlayer
/trap_simple_pusher,trap_simple_pusher,30310b1158792249,457.5,0,352.5,0,90,0,0,0,0,owner=SinglePlayer
/trap_simple_pusher,trap_simple_pusher,310ce03b0d3f1e10,397.5,0,358.5,0,90,0,0,0,0,owner=SinglePlayer
/trap_simple_pusher,trap_simple_pusher,32c842f64ad3e240,469.5,0,352.5,0,90,0,0,0,0,owner=SinglePlayer
/trap_simple_pusher,trap_simple_pusher,3993e8fb604df8cd,400.5,0,328.5,0,180,0,0,0,0,owner=SinglePlayer
/trap_simple_pusher,trap_simple_pusher,3a6929545d1967f8,409.5,0,349.5,0,270,0,0,0,0,owner=SinglePlayer
/trap_simple_pusher,trap_simple_pusher,3ad920c444d97be8,382.5,0,352.5,0,0,0,0,0,0,owner=SinglePlayer
/trap_simple_pusher,trap_simple_pusher,3afa6ee57eb4de17,412.5,0,310.5,0,90,0,0,0,0,owner=SinglePlayer
/trap_simple_pusher,trap_simple_pusher,3d6a51df08ecd2a7,505.5,0,358.5,0,90,0,0,0,0,owner=SinglePlayer
/trap_simple_pusher,trap_simple_pusher,3dd21153b1c1f65,496.5,0,358.5,0,90,0,0,0,0,owner=SinglePlayer
/trap_simple_pusher,trap_simple_pusher,3f94d5f7482f9864,436.5,0,349.5,0,180,0,0,0,0,owner=SinglePlayer
/trap_simple_pusher,trap_simple_pusher,4034d33e16584ef8,430.5,0,325.5,0,180,0,0,0,0,owner=SinglePlayer
/trap_simple_pusher,trap_simple_pusher,418ea78a66f82a22,394.5,0,355.5,0,0,0,0,0,0,owner=SinglePlayer
/trap_simple_pusher,trap_simple_pusher,41e9dc925d732cef,415.5,0,352.5,0,90,0,0,0,0,owner=SinglePlayer
/trap_simple_pusher,trap_simple_pusher,4229a4301a7eb540,424.5,0,310.5,0,270,0,0,0,0,owner=SinglePlayer
/trap_simple_pusher,trap_simple_pusher,4362718c2794f0fa,454.5,0,340.5,0,180,0,0,0,0,owner=SinglePlayer
/trap_simple_pusher,trap_simple_pusher,4524044e6c62bb6e,460.5,0,358.5,0,90,0,0,0,0,owner=SinglePlayer
/trap_simple_pusher,trap_simple_pusher,45b1e6b21714fcc2,415.5,0,358.5,0,90,0,0,0,0,owner=SinglePlayer
/trap_simple_pusher,trap_simple_pusher,46536d992c9b6f7f,385.5,0,358.5,0,90,0,0,0,0,owner=SinglePlayer
/trap_simple_pusher,trap_simple_pusher,4f205d054c707b2a,448.5,0,349.5,0,180,0,0,0,0,owner=SinglePlayer
/trap_simple_pusher,trap_simple_pusher,51b67241726df972,466.5,0,346.5,0,180,0,0,0,0,owner=SinglePlayer
/trap_simple_pusher,trap_simple_pusher,52c1ee2d38d18834,442.5,0,322.5,0,180,0,0,0,0,owner=SinglePlayer
/trap_simple_pusher,trap_simple_pusher,545e4a067290d1b,388.5,0,340.5,0,0,0,0,0,0,owner=SinglePlayer
/trap_simple_pusher,trap_simple_pusher,545f10ec65858973,442.5,0,340.5,0,180,0,0,0,0,owner=SinglePlayer
/trap_simple_pusher,trap_simple_pusher,5850dafa4f51330d,460.5,0,349.5,0,180,0,0,0,0,owner=SinglePlayer
/trap_simple_pusher,trap_simple_pusher,58bb61624872331e,436.5,0,331.5,0,180,0,0,0,0,owner=SinglePlayer
/trap_simple_pusher,trap_simple_pusher,59f689c936d7d05f,400.5,0,346.5,0,180,0,0,0,0,owner=SinglePlayer
/trap_simple_pusher,trap_simple_pusher,5b5290010e48ccf0,454.5,0,331.5,0,180,0,0,0,0,owner=SinglePlayer
/trap_simple_pusher,trap_simple_pusher,5b5be9e0585903bb,406.5,0,310.5,0,0,0,0,0,0,owner=SinglePlayer
/trap_simple_pusher,trap_simple_pusher,5d3ef7f50f5fb77f,472.5,0,349.5,0,180,0,0,0,0,owner=SinglePlayer
/trap_simple_pusher,trap_simple_pusher,6422abdc6b23643a,430.5,0,316.5,0,180,0,0,0,0,owner=SinglePlayer
/trap_simple_pusher,trap_simple_pusher,658b7c3b586725f8,478.5,0,358.5,0,90,0,0,0,0,owner=SinglePlayer
/trap_simple_pusher,trap_simple_pusher,68aca55f1d24a7b6,487.5,0,358.5,0,90,0,0,0,0,owner=SinglePlayer
/trap_simple_pusher,trap_simple_pusher,694be65b78e8660d,406.5,0,358.5,0,90,0,0,0,0,owner=SinglePlayer
/trap_simple_pusher,trap_simple_pusher,695d3888592bb5a7,400.5,0,319.5,0,0,0,0,0,0,owner=SinglePlayer
/trap_simple_pusher,trap_simple_pusher,6ac0544b1dc823db,442.5,0,331.5,0,180,0,0,0,0,owner=SinglePlayer
/trap_simple_pusher,trap_simple_pusher,6b10eb5421553d97,445.5,0,352.5,0,90,0,0,0,0,owner=SinglePlayer
/trap_simple_pusher,trap_simple_pusher,6cb95a4a0246b55b,469.5,0,358.5,0,90,0,0,0,0,owner=SinglePlayer
/trap_simple_pusher,trap_simple_pusher,6e7e68ec2f7fe634,430.5,0,343.5,0,180,0,0,0,0,owner=SinglePlayer
/trap_simple_pusher,trap_simple_pusher,6ff7e997ea137b8,394.5,0,346.5,0,0,0,0,0,0,owner=SinglePlayer
/trap_simple_pusher,trap_simple_pusher,70da17177546515a,442.5,0,358.5,0,90,0,0,0,0,owner=SinglePlayer
/trap_simple_pusher,trap_simple_pusher,75699f427aae7ecc,412.5,0,304.5,0,270,0,0,0,0,owner=SinglePlayer
/trap_simple_pusher,trap_simple_pusher,7d13e99a2fbb6d7c,472.5,0,340.5,0,0,0,0,0,0,owner=SinglePlayer
/trap_simple_pusher,trap_simple_pusher,7d7567da707feba9,436.5,0,322.5,0,0,0,0,0,0,owner=SinglePlayer
/trap_simple_pusher,trap_simple_pusher,7e85148577b0517c,421.5,0,313.5,0,90,0,0,0,0,owner=SinglePlayer
/trap_simple_pusher,trap_simple_pusher,ae9858a5afe9989,481.5,0,352.5,0,90,0,0,0,0,owner=SinglePlayer
/trap_simple_pusher,trap_simple_pusher,ed73fa13503e629,451.5,0,358.5,0,90,0,0,0,0,owner=SinglePlayer
/trap_simple_pusher,trap_simple_pusher,ef5e22c15b19ecc,436.5,0,340.5,0,180,0,0,0,0,owner=SinglePlayer
/trap_simple_pusher,trap_simple_pusher,f73d9085a97d319,433.5,0,358.5,0,90,0,0,0,0,owner=SinglePlayer
/trap_simple_pusher,trap_simple_pusher,fa69e5f7b2d8828,430.5,0,334.5,0,180,0,0,0,0,owner=SinglePlayer
/trap_simple_thresher,trap_simple_thresher,341e260c3131e9aa,412.5,0,307.5,0,180,0,0,0,0,owner=SinglePlayer
/trap_trigger_beer,trap_trigger_beer,15afb2013c5030b8,385.5,0,367.5,0,180,0,0,0,0,owner=SinglePlayer
/trap_trigger_beer,trap_trigger_beer,18b2ff749e10507,397.5,0,367.5,0,180,0,0,0,0,owner=SinglePlayer
/trap_trigger_beer,trap_trigger_beer,1bbaa4a47ba04cf3,445.5,0,463.5,0,180,0,0,0,0,owner=SinglePlayer
/trap_trigger_beer,trap_trigger_beer,21de9ec30f7bf9c6,445.5,0,445.5,0,180,0,0,0,0,owner=SinglePlayer
/trap_trigger_beer,trap_trigger_beer,2e03cc8f4678de94,457.5,0,367.5,0,180,0,0,0,0,owner=SinglePlayer
/trap_trigger_beer,trap_trigger_beer,3973039072432600,433.5,0,367.5,0,180,0,0,0,0,owner=SinglePlayer
/trap_trigger_beer,trap_trigger_beer,3b98eb57941a813,409.5,0,367.5,0,180,0,0,0,0,owner=SinglePlayer
/trap_trigger_beer,trap_trigger_beer,3f5a7826697b86c2,421.5,0,367.5,0,180,0,0,0,0,owner=SinglePlayer
/trap_trigger_beer,trap_trigger_beer,4dd26e917f443b5c,445.5,0,367.5,0,180,0,0,0,0,owner=SinglePlayer
/trap_trigger_beer,trap_trigger_beer,4ebb0dd76ad40faf,427.5,0,463.5,0,180,0,0,0,0,owner=SinglePlayer
/trap_trigger_beer,trap_trigger_beer,567518264fc4bae7,418.5,0,454.5,0,180,0,0,0,0,owner=SinglePlayer
/trap_trigger_beer,trap_trigger_beer,5b30fa44610ed09c,493.5,0,367.5,0,180,0,0,0,0,owner=SinglePlayer
/trap_trigger_beer,trap_trigger_beer,5c7074a10a50c90d,481.5,0,367.5,0,180,0,0,0,0,owner=SinglePlayer
/trap_trigger_beer,trap_trigger_beer,6c556c6539c85c1e,436.5,0,436.5,0,180,0,0,0,0,owner=SinglePlayer
/trap_trigger_beer,trap_trigger_beer,77734131322792cf,505.5,0,367.5,0,180,0,0,0,0,owner=SinglePlayer
/trap_trigger_beer,trap_trigger_beer,82e1d4267b402,418.5,0,436.5,0,180,0,0,0,0,owner=SinglePlayer
/trap_trigger_beer,trap_trigger_beer,f11dd4079debf,469.5,0,367.5,0,180,0,0,0,0,owner=SinglePlayer
/trap_trigger_guru,trap_trigger_guru,22e31f94335a7f79,487.5,0,367.5,0,180,0,0,0,0,owner=SinglePlayer
/trap_trigger_guru,trap_trigger_guru,27f0669c4de28792,427.5,0,436.5,0,180,0,0,0,0,owner=SinglePlayer
/trap_trigger_guru,trap_trigger_guru,2a6c39c74eedf492,415.5,0,367.5,0,180,0,0,0,0,owner=SinglePlayer
/trap_trigger_guru,trap_trigger_guru,314783b104ed670f,439.5,0,367.5,0,180,0,0,0,0,owner=SinglePlayer
/trap_trigger_guru,trap_trigger_guru,37370d3d057e3100,475.5,0,367.5,0,180,0,0,0,0,owner=SinglePlayer
/trap_trigger_guru,trap_trigger_guru,3b66f75e4005f7dd,418.5,0,445.5,0,180,0,0,0,0,owner=SinglePlayer
/trap_trigger_guru,trap_trigger_guru,3e734c650a525c38,418.5,0,463.5,0,180,0,0,0,0,owner=SinglePlayer
/trap_trigger_guru,trap_trigger_guru,3e906e3f101775d4,445.5,0,454.5,0,180,0,0,0,0,owner=SinglePlayer
/trap_trigger_guru,trap_trigger_guru,3fa6102a6109b4c0,451.5,0,367.5,0,180,0,0,0,0,owner=SinglePlayer
/trap_trigger_guru,trap_trigger_guru,54553e666915178f,499.5,0,367.5,0,180,0,0,0,0,owner=SinglePlayer
/trap_trigger_guru,trap_trigger_guru,5a78caf0178ae187,463.5,0,367.5,0,180,0,0,0,0,owner=SinglePlayer
/trap_trigger_guru,trap_trigger_guru,666176783b0542f6,427.5,0,367.5,0,180,0,0,0,0,owner=SinglePlayer
/trap_trigger_guru,trap_trigger_guru,6db9bd7c247b5777,445.5,0,436.5,0,180,0,0,0,0,owner=SinglePlayer
/trap_trigger_guru,trap_trigger_guru,70761c7a75132f16,436.5,0,463.5,0,180,0,0,0,0,owner=SinglePlayer
/trap_trigger_guru,trap_trigger_guru,7be0fe007f4b26f2,391.5,0,367.5,0,180,0,0,0,0,owner=SinglePlayer
/trap_trigger_guru,trap_trigger_guru,7cd7793609353c2d,403.5,0,367.5,0,180,0,0,0,0,owner=SinglePlayer
/trap_trigger_guru,trap_trigger_guru,7f2e654010962294,511.5,0,367.5,0,180,0,0,0,0,owner=SinglePlayer
/trap_trigger_slimeball,trap_trigger_slimeball,1495217a18f20f86,430.5,0,315,0,0,0,0,0,0,owner=SinglePlayer
/trap_trigger_slimeball,trap_trigger_slimeball,1cfa61956b9d87c9,436.5,0,318,0,0,0,0,0,0,owner=SinglePlayer
/trap_trigger_slimeball,trap_trigger_slimeball,3dcfe78a739d2f41,472.5,0,339,0,0,0,0,0,0,owner=SinglePlayer
/trap_trigger_slimeball,trap_trigger_slimeball,46a15803226aa1f0,448.5,0,324,0,0,0,0,0,0,owner=SinglePlayer
/trap_trigger_slimeball,trap_trigger_slimeball,4bdfe386256c6121,460.5,0,333,0,0,0,0,0,0,owner=SinglePlayer
/trap_trigger_slimeball,trap_trigger_slimeball,4ea9fb3a3f17939b,394.5,0,330,0,0,0,0,0,0,owner=SinglePlayer
/waypoints/waypoint1,waypoint,68af646b0c789267,431.997,0,449.241,0,180,0,0,0,0,accessibleByScript;list=e_waypoint
