/AutoVegetation/grp_veg_birch_m_nw_01,grp_veg_birch_m_nw_01,109cf1f517225d9c,3330.724,0,326.027,0,104.45,0,1,1,1,
/AutoVegetation/grp_veg_birch_m_nw_01,grp_veg_birch_m_nw_01,13f214892c704786,3565.503,0,441.966,0,112.83,0,1,1,1,
/AutoVegetation/grp_veg_birch_m_nw_01,grp_veg_birch_m_nw_01,176c4836249889f,3538.5,0,315.272,0,317.98,0,1,1,1,
/AutoVegetation/grp_veg_birch_m_nw_01,grp_veg_birch_m_nw_01,1bb852467b558b8b,3310.642,0,304.214,0,309.51,0,1,1,1,
/AutoVegetation/grp_veg_birch_m_nw_01,grp_veg_birch_m_nw_01,1c744368307ccfc8,3339.157,0,316.672,0,181.38,0,1,1,1,
/AutoVegetation/grp_veg_birch_m_nw_01,grp_veg_birch_m_nw_01,28a64d492cc4b72c,3517.682,0,570.996,0,180.72,0,1,1,1,
/AutoVegetation/grp_veg_birch_m_nw_01,grp_veg_birch_m_nw_01,2b4912660c3f135b,3470.456,0,321.34,0,128.12,0,1,1,1,
/AutoVegetation/grp_veg_birch_m_nw_01,grp_veg_birch_m_nw_01,2fa339ac645449fa,3527.971,0,338.395,0,255.75,0,1,1,1,
/AutoVegetation/grp_veg_birch_m_nw_01,grp_veg_birch_m_nw_01,320ad1df353cab30,3565.396,0,535.923,0,102.94,0,1,1,1,
/AutoVegetation/grp_veg_birch_m_nw_01,grp_veg_birch_m_nw_01,3a91b1322f1b4d7e,3582.486,0,333.439,0,221.09,0,1,1,1,
/AutoVegetation/grp_veg_birch_m_nw_01,grp_veg_birch_m_nw_01,3e6f95614d30e33d,3419.863,0,324.353,0,137.86,0,1,1,1,
/AutoVegetation/grp_veg_birch_m_nw_01,grp_veg_birch_m_nw_01,411796e91643e855,3578.54,0,521.662,0,79.17,0,1,1,1,
/AutoVegetation/grp_veg_birch_m_nw_01,grp_veg_birch_m_nw_01,4458d8a7748f0fbf,3581.289,0,491.35,0,71.37,0,1,1,1,
/AutoVegetation/grp_veg_birch_m_nw_01,grp_veg_birch_m_nw_01,448a85f70fd565ad,3431.12,0,314.682,0,286.87,0,1,1,1,
/AutoVegetation/grp_veg_birch_m_nw_01,grp_veg_birch_m_nw_01,5c2eaa7e5c96772d,3322.241,0,402.594,0,107.02,0,1,1,1,
/AutoVegetation/grp_veg_birch_m_nw_01,grp_veg_birch_m_nw_01,5ef05afa2217ae8a,3336.479,0,436.427,0,153.1,0,1,1,1,
/AutoVegetation/grp_veg_birch_m_nw_01,grp_veg_birch_m_nw_01,5f63fc5811f8b6f7,3449.682,0,586.489,0,225.07,0,1,1,1,
/AutoVegetation/grp_veg_birch_m_nw_01,grp_veg_birch_m_nw_01,6011fb757083cb2a,3449.852,0,587.285,0,9.96,0,1,1,1,
/AutoVegetation/grp_veg_birch_m_nw_01,grp_veg_birch_m_nw_01,62e4e00a175abfb3,3336.175,0,464.848,0,50.69,0,1,1,1,
/AutoVegetation/grp_veg_birch_m_nw_01,grp_veg_birch_m_nw_01,63ae5fb2199d4f8c,3503.721,0,318.417,0,335.24,0,1,1,1,
/AutoVegetation/grp_veg_birch_m_nw_01,grp_veg_birch_m_nw_01,63bffb3b6f6dc4df,3522.411,0,315.449,0,103.75,0,1,1,1,
/AutoVegetation/grp_veg_birch_m_nw_01,grp_veg_birch_m_nw_01,6d6b5c381b4bb1a7,3571.98,0,373.385,0,308.8,0,1,1,1,
/AutoVegetation/grp_veg_birch_m_nw_01,grp_veg_birch_m_nw_01,7491cb468ceaf3f,3336.024,0,378.846,0,23.83,0,1,1,1,
/AutoVegetation/grp_veg_birch_m_nw_01,grp_veg_birch_m_nw_01,761cd05b56878886,3557.167,0,566.66,0,27.12,0,1,1,1,
/AutoVegetation/grp_veg_birch_m_nw_01,grp_veg_birch_m_nw_01,78bc40c745ced30,3477.548,0,313.913,0,88.56,0,1,1,1,
/AutoVegetation/grp_veg_birch_m_nw_01,grp_veg_birch_m_nw_01,79b8275471f7d372,3335.267,0,524.935,0,88.59,0,1,1,1,
/AutoVegetation/grp_veg_birch_m_nw_01,grp_veg_birch_m_nw_01,7b66e0147eaba859,3345.821,0,332.85,0,72.09,0,1,1,1,
/AutoVegetation/grp_veg_birch_m_nw_02,grp_veg_birch_m_nw_02,13de5c19265d4570,3583.068,0,571.888,0,340.65,0,1,1,1,
/AutoVegetation/grp_veg_birch_m_nw_02,grp_veg_birch_m_nw_02,15d4f1e57e406ba9,3564.247,0,371.472,0,30.01,0,1,1,1,
/AutoVegetation/grp_veg_birch_m_nw_02,grp_veg_birch_m_nw_02,29bdfba6346def6a,3333.392,0,377.064,0,181.99,0,1,1,1,
/AutoVegetation/grp_veg_birch_m_nw_02,grp_veg_birch_m_nw_02,309e7b024800819a,3322.634,0,317.332,0,291.94,0,1,1,1,
/AutoVegetation/grp_veg_birch_m_nw_02,grp_veg_birch_m_nw_02,45f3987658a668b2,3549.597,0,576.875,0,58.82,0,1,1,1,
/AutoVegetation/grp_veg_birch_m_nw_02,grp_veg_birch_m_nw_02,4d6fa5ce3de5ed95,3485.153,0,335.272,0,201.9,0,1,1,1,
/AutoVegetation/grp_veg_birch_m_nw_02,grp_veg_birch_m_nw_02,4e8129d3640a62ad,3543.905,0,331.364,0,308.26,0,1,1,1,
/AutoVegetation/grp_veg_birch_m_nw_02,grp_veg_birch_m_nw_02,56225b25310be15a,3479.692,0,331.42,0,158.47,0,1,1,1,
/AutoVegetation/grp_veg_birch_m_nw_02,grp_veg_birch_m_nw_02,562dc4a308218ee3,3563.506,0,549.445,0,310.48,0,1,1,1,
/AutoVegetation/grp_veg_birch_m_nw_02,grp_veg_birch_m_nw_02,57663a647671e9ec,3331.652,0,382.642,0,222.25,0,1,1,1,
/AutoVegetation/grp_veg_birch_m_nw_02,grp_veg_birch_m_nw_02,6176fc132c37f82c,3501.12,0,576.946,0,156.39,0,1,1,1,
/AutoVegetation/grp_veg_birch_m_nw_02,grp_veg_birch_m_nw_02,627fd56347759d47,3333.354,0,403.798,0,332.61,0,1,1,1,
/AutoVegetation/grp_veg_birch_m_nw_02,grp_veg_birch_m_nw_02,6b58b09c06c9da5c,3336.918,0,467.199,0,246.42,0,1,1,1,
/AutoVegetation/grp_veg_birch_m_nw_02,grp_veg_birch_m_nw_02,6e41c532391c0a14,3413.127,0,336.333,0,306.49,0,1,1,1,
/AutoVegetation/grp_veg_birch_m_nw_02,grp_veg_birch_m_nw_02,77bb7f80287a93b8,3358.078,0,318.441,0,263.78,0,1,1,1,
/AutoVegetation/grp_veg_birch_m_nw_02,grp_veg_birch_m_nw_02,b8f262d77f4450b,3443.598,0,572.339,0,153.27,0,1,1,1,
/AutoVegetation/grp_veg_birch_m_nw_02,grp_veg_birch_m_nw_02,ec459b558109803,3403.124,0,588.707,0,43.46,0,1,1,1,
/AutoVegetation/grp_veg_birch_m_nw_03,grp_veg_birch_m_nw_03,1314cf877bc72d2a,3568.033,0,461.684,0,304.9,0,1,1,1,
/AutoVegetation/grp_veg_birch_m_nw_03,grp_veg_birch_m_nw_03,1848f7e649bdf470,3563.168,0,315.177,0,172.41,0,1,1,1,
/AutoVegetation/grp_veg_birch_m_nw_03,grp_veg_birch_m_nw_03,1c10858252e36b69,3507.859,0,581.769,0,150.48,0,1,1,1,
/AutoVegetation/grp_veg_birch_m_nw_03,grp_veg_birch_m_nw_03,36adc5de31cf4675,3532.471,0,320.744,0,178.07,0,1,1,1,
/AutoVegetation/grp_veg_birch_m_nw_03,grp_veg_birch_m_nw_03,3af39a690ea65f48,3365.536,0,585.175,0,204.01,0,1,1,1,
/AutoVegetation/grp_veg_birch_m_nw_03,grp_veg_birch_m_nw_03,43fe75b324d9f51e,3453.909,0,333.188,0,91.75,0,1,1,1,
/AutoVegetation/grp_veg_birch_m_nw_03,grp_veg_birch_m_nw_03,4baafd76473eafb8,3441.479,0,328.664,0,326.38,0,1,1,1,
/AutoVegetation/grp_veg_birch_m_nw_03,grp_veg_birch_m_nw_03,4c5906c51df98a01,3322.772,0,333.174,0,259.11,0,1,1,1,
/AutoVegetation/grp_veg_birch_m_nw_03,grp_veg_birch_m_nw_03,55e387fb3db7412a,3569.366,0,313.566,0,31.97,0,1,1,1,
/AutoVegetation/grp_veg_birch_m_nw_03,grp_veg_birch_m_nw_03,6ec6b135399bedbf,3502.423,0,336.705,0,34.83,0,1,1,1,
/AutoVegetation/grp_veg_birch_m_nw_03,grp_veg_birch_m_nw_03,6fc858ae39d8163f,3584.614,0,550.111,0,201.03,0,1,1,1,
/AutoVegetation/grp_veg_birch_m_nw_03,grp_veg_birch_m_nw_03,72eb3bb60b2e5ba1,3569.742,0,584.18,0,155.03,0,1,1,1,
/AutoVegetation/grp_veg_birch_m_nw_03,grp_veg_birch_m_nw_03,773d954234931234,3461.965,0,328.922,0,193.62,0,1,1,1,
/AutoVegetation/grp_veg_birch_m_nw_03,grp_veg_birch_m_nw_03,7820661629f2f15e,3569.032,0,577.966,0,133.08,0,1,1,1,
/AutoVegetation/grp_veg_birch_m_nw_03,grp_veg_birch_m_nw_03,7a9f84365da08f7e,3567.014,0,576.308,0,120.06,0,1,1,1,
/AutoVegetation/grp_veg_birch_m_nw_04,grp_veg_birch_m_nw_04,223f8ce649003f0a,3458.613,0,322.238,0,186.95,0,1,1,1,
/AutoVegetation/grp_veg_birch_m_nw_04,grp_veg_birch_m_nw_04,237193fe06a1ec03,3330.818,0,565.617,0,91.9,0,1,1,1,
/AutoVegetation/grp_veg_birch_m_nw_04,grp_veg_birch_m_nw_04,42c7dbed184c7492,3458.581,0,565.036,0,78.32,0,1,1,1,
/AutoVegetation/grp_veg_birch_m_nw_04,grp_veg_birch_m_nw_04,4d69d8100d360d44,3500.606,0,586.639,0,312.27,0,1,1,1,
/AutoVegetation/grp_veg_birch_m_nw_04,grp_veg_birch_m_nw_04,5149e8144b44448a,3340.639,0,576.044,0,336.58,0,1,1,1,
/AutoVegetation/grp_veg_birch_m_nw_04,grp_veg_birch_m_nw_04,54121a5b03e43751,3326.458,0,401.309,0,269.75,0,1,1,1,
/AutoVegetation/grp_veg_birch_m_nw_04,grp_veg_birch_m_nw_04,605279cc674a9d38,3566.304,0,325.19,0,244.43,0,1,1,1,
/AutoVegetation/grp_veg_birch_m_nw_04,grp_veg_birch_m_nw_04,788f544b186d5c0f,3328.802,0,472.487,0,298.88,0,1,1,1,
/AutoVegetation/grp_veg_birch_m_nw_04,grp_veg_birch_m_nw_04,7badb9266ff391cf,3483.037,0,328.844,0,282,0,1,1,1,
/AutoVegetation/grp_veg_birch_m_nw_04,grp_veg_birch_m_nw_04,7bcab0a7584aed30,3563.223,0,411.585,0,324.81,0,1,1,1,
/AutoVegetation/grp_veg_birch_m_nw_04,grp_veg_birch_m_nw_04,7c19255a407363f1,3434.223,0,322.114,0,185.1,0,1,1,1,
/AutoVegetation/grp_veg_birch_m_nw_04,grp_veg_birch_m_nw_04,7d5e5b4d77e2db7b,3318.696,0,437.904,0,281.71,0,1,1,1,
/AutoVegetation/grp_veg_birch_s_nw_01,grp_veg_birch_s_nw_01,10ce01883c07ab52,3376.129,0,316.458,0,149.03,0,1,1,1,
/AutoVegetation/grp_veg_birch_s_nw_01,grp_veg_birch_s_nw_01,13b89b939ddabb2,3572.277,0,493.416,0,279.85,0,1,1,1,
/AutoVegetation/grp_veg_birch_s_nw_01,grp_veg_birch_s_nw_01,1a2594dc6f23252f,3431.032,0,325.919,0,208.53,0,1,1,1,
/AutoVegetation/grp_veg_birch_s_nw_01,grp_veg_birch_s_nw_01,1afa3d466bdde084,3348.507,0,563.398,0,297.75,0,1,1,1,
/AutoVegetation/grp_veg_birch_s_nw_01,grp_veg_birch_s_nw_01,21e4e67107070d93,3531.135,0,333.337,0,126.3,0,1,1,1,
/AutoVegetation/grp_veg_birch_s_nw_01,grp_veg_birch_s_nw_01,2704801f351ac5fa,3321.562,0,563.657,0,72.88,0,1,1,1,
/AutoVegetation/grp_veg_birch_s_nw_01,grp_veg_birch_s_nw_01,2b3ea6f4141ab818,3572.568,0,558.189,0,162.11,0,1,1,1,
/AutoVegetation/grp_veg_birch_s_nw_01,grp_veg_birch_s_nw_01,3234529b66b47144,3313.288,0,308.539,0,265.49,0,1,1,1,
/AutoVegetation/grp_veg_birch_s_nw_01,grp_veg_birch_s_nw_01,375d1969160d08ac,3581.409,0,552.92,0,86.41,0,1,1,1,
/AutoVegetation/grp_veg_birch_s_nw_01,grp_veg_birch_s_nw_01,38eadc3740ed772e,3572.526,0,480.522,0,181.61,0,1,1,1,
/AutoVegetation/grp_veg_birch_s_nw_01,grp_veg_birch_s_nw_01,3a683a265c139c65,3374.673,0,320.943,0,161.43,0,1,1,1,
/AutoVegetation/grp_veg_birch_s_nw_01,grp_veg_birch_s_nw_01,46878d11548dcf02,3405.781,0,314.656,0,303.4,0,1,1,1,
/AutoVegetation/grp_veg_birch_s_nw_01,grp_veg_birch_s_nw_01,520a4afe0267383f,3489.517,0,585.033,0,37.68,0,1,1,1,
/AutoVegetation/grp_veg_birch_s_nw_01,grp_veg_birch_s_nw_01,581937ed54c0937e,3447,0,322.144,0,174.29,0,1,1,1,
/AutoVegetation/grp_veg_birch_s_nw_01,grp_veg_birch_s_nw_01,58d8560c75126cd5,3581.29,0,357.877,0,359.3,0,1,1,1,
/AutoVegetation/grp_veg_birch_s_nw_01,grp_veg_birch_s_nw_01,5bd83a7c4d930936,3385.365,0,318.413,0,268.91,0,1,1,1,
/AutoVegetation/grp_veg_birch_s_nw_01,grp_veg_birch_s_nw_01,638cdeed1c5c27fd,3382.474,0,327.038,0,245.45,0,1,1,1,
/AutoVegetation/grp_veg_birch_s_nw_01,grp_veg_birch_s_nw_01,668ca86330077084,3335.231,0,417.901,0,69.17,0,1,1,1,
/AutoVegetation/grp_veg_birch_s_nw_01,grp_veg_birch_s_nw_01,674b0b27065dcaea,3322.865,0,454.407,0,29.81,0,1,1,1,
/AutoVegetation/grp_veg_birch_s_nw_01,grp_veg_birch_s_nw_01,6a8f2a303e83148f,3579.18,0,322.771,0,126.67,0,1,1,1,
/AutoVegetation/grp_veg_birch_s_nw_01,grp_veg_birch_s_nw_01,755e205d50ac8594,3364.346,0,578.374,0,310.55,0,1,1,1,
/AutoVegetation/grp_veg_birch_s_nw_01,grp_veg_birch_s_nw_01,77d7ec671b82d832,3329.354,0,517.036,0,313.39,0,1,1,1,
/AutoVegetation/grp_veg_birch_s_nw_01,grp_veg_birch_s_nw_01,7aec16be1145ddb7,3337.648,0,411.344,0,159.85,0,1,1,1,
/AutoVegetation/grp_veg_birch_s_nw_01,grp_veg_birch_s_nw_01,aefff20521ffac9,3551.69,0,339.262,0,228.49,0,1,1,1,
/AutoVegetation/grp_veg_birch_s_nw_01,grp_veg_birch_s_nw_01,c6f22801b0d03bd,3494.016,0,329.418,0,279.61,0,1,1,1,
/AutoVegetation/grp_veg_birch_s_nw_01,grp_veg_birch_s_nw_01,d743d4a72513656,3446.734,0,572.82,0,285.45,0,1,1,1,
/AutoVegetation/grp_veg_birch_s_nw_02,grp_veg_birch_s_nw_02,12d92b935de90de5,3565.769,0,523.563,0,199.72,0,1,1,1,
/AutoVegetation/grp_veg_birch_s_nw_02,grp_veg_birch_s_nw_02,15f0a4d51e406f45,3332.859,0,349.635,0,11.9,0,1,1,1,
/AutoVegetation/grp_veg_birch_s_nw_02,grp_veg_birch_s_nw_02,18755e81290829ad,3564.967,0,414.136,0,85.01,0,1,1,1,
/AutoVegetation/grp_veg_birch_s_nw_02,grp_veg_birch_s_nw_02,19745c0377209a90,3337.403,0,454.199,0,74.07,0,1,1,1,
/AutoVegetation/grp_veg_birch_s_nw_02,grp_veg_birch_s_nw_02,27f7f9321aafe5bc,3573.663,0,426.381,0,295.42,0,1,1,1,
/AutoVegetation/grp_veg_birch_s_nw_02,grp_veg_birch_s_nw_02,31d8b91735da0114,3427.14,0,580.518,0,27.12,0,1,1,1,
/AutoVegetation/grp_veg_birch_s_nw_02,grp_veg_birch_s_nw_02,3b136dcb5e5dbf1f,3336.01,0,358.217,0,305.02,0,1,1,1,
/AutoVegetation/grp_veg_birch_s_nw_02,grp_veg_birch_s_nw_02,423512fa3bb7ec0c,3496.532,0,314.44,0,88.14,0,1,1,1,
/AutoVegetation/grp_veg_birch_s_nw_02,grp_veg_birch_s_nw_02,43ea1e9174a90adf,3407.469,0,567.256,0,132.61,0,1,1,1,
/AutoVegetation/grp_veg_birch_s_nw_02,grp_veg_birch_s_nw_02,491e0a3e380db4f6,3483.777,0,581.684,0,94.28,0,1,1,1,
/AutoVegetation/grp_veg_birch_s_nw_02,grp_veg_birch_s_nw_02,4bb9a08b60fec95f,3455.034,0,584.828,0,163.6,0,1,1,1,
/AutoVegetation/grp_veg_birch_s_nw_02,grp_veg_birch_s_nw_02,4e77455f1d75749a,3321.943,0,423.498,0,345.95,0,1,1,1,
/AutoVegetation/grp_veg_birch_s_nw_02,grp_veg_birch_s_nw_02,521005237d1aaab4,3412.203,0,339.735,0,353.81,0,1,1,1,
/AutoVegetation/grp_veg_birch_s_nw_02,grp_veg_birch_s_nw_02,5fae114a51e95380,3466.393,0,573.035,0,177.57,0,1,1,1,
/AutoVegetation/grp_veg_birch_s_nw_02,grp_veg_birch_s_nw_02,626a199b08c80243,3447.724,0,315.054,0,37.54,0,1,1,1,
/AutoVegetation/grp_veg_birch_s_nw_02,grp_veg_birch_s_nw_02,6727aa9748d8129c,3355.29,0,580.31,0,83.81,0,1,1,1,
/AutoVegetation/grp_veg_birch_s_nw_02,grp_veg_birch_s_nw_02,e4e0ab17122b31c,3566.062,0,354.812,0,350.26,0,1,1,1,
/AutoVegetation/grp_veg_birch_s_nw_03,grp_veg_birch_s_nw_03,1701ca2614328963,3453.398,0,582.118,0,138.24,0,1,1,1,
/AutoVegetation/grp_veg_birch_s_nw_03,grp_veg_birch_s_nw_03,236335905b7dcc7f,3404.515,0,318.768,0,331.51,0,1,1,1,
/AutoVegetation/grp_veg_birch_s_nw_03,grp_veg_birch_s_nw_03,34b9a71345d45f33,3510.035,0,586.79,0,166.39,0,1,1,1,
/AutoVegetation/grp_veg_birch_s_nw_03,grp_veg_birch_s_nw_03,4052357529ea4892,3440.922,0,586.458,0,47.56,0,1,1,1,
/AutoVegetation/grp_veg_birch_s_nw_03,grp_veg_birch_s_nw_03,418a289500d40a2f,3453.993,0,565.953,0,355.08,0,1,1,1,
/AutoVegetation/grp_veg_birch_s_nw_03,grp_veg_birch_s_nw_03,4c99a04051270a81,3573.398,0,358.967,0,173.35,0,1,1,1,
/AutoVegetation/grp_veg_birch_s_nw_03,grp_veg_birch_s_nw_03,54e1a871879a24f,3377.051,0,584.56,0,164.16,0,1,1,1,
/AutoVegetation/grp_veg_birch_s_nw_03,grp_veg_birch_s_nw_03,574b25b7116ce424,3403.956,0,333.338,0,75.97,0,1,1,1,
/AutoVegetation/grp_veg_birch_s_nw_03,grp_veg_birch_s_nw_03,57ce698517f676c5,3318.68,0,355.919,0,296,0,1,1,1,
/AutoVegetation/grp_veg_birch_s_nw_03,grp_veg_birch_s_nw_03,688ae67f4d54472c,3334.671,0,514.262,0,144.61,0,1,1,1,
/AutoVegetation/grp_veg_birch_s_nw_03,grp_veg_birch_s_nw_03,6f0c94cc6d747f7b,3566.546,0,329.731,0,278.19,0,1,1,1,
/AutoVegetation/grp_veg_birch_s_nw_03,grp_veg_birch_s_nw_03,74d9cc2361f46862,3549.918,0,585.901,0,222.76,0,1,1,1,
/AutoVegetation/grp_veg_birch_s_nw_03,grp_veg_birch_s_nw_03,759a1eb3623b24d7,3388.719,0,327.688,0,326.17,0,1,1,1,
/AutoVegetation/grp_veg_birch_s_nw_03,grp_veg_birch_s_nw_03,7dbcc60c640b4e02,3558.254,0,339.801,0,220.75,0,1,1,1,
/AutoVegetation/grp_veg_birch_s_nw_03,grp_veg_birch_s_nw_03,ddeed9a13563edc,3434.952,0,316.088,0,128.84,0,1,1,1,
/AutoVegetation/grp_veg_birch_s_nw_04,grp_veg_birch_s_nw_04,1a236c5034debbed,3524.123,0,323.16,0,124.92,0,1,1,1,
/AutoVegetation/grp_veg_birch_s_nw_04,grp_veg_birch_s_nw_04,1f9825ad061fc99d,3455.026,0,575.206,0,75.88,0,1,1,1,
/AutoVegetation/grp_veg_birch_s_nw_04,grp_veg_birch_s_nw_04,253b942a60b15241,3342.383,0,336.756,0,30.4,0,1,1,1,
/AutoVegetation/grp_veg_birch_s_nw_04,grp_veg_birch_s_nw_04,30189ea87337d60c,3573.812,0,544.139,0,195.23,0,1,1,1,
/AutoVegetation/grp_veg_birch_s_nw_04,grp_veg_birch_s_nw_04,3c02e17b61189dfd,3326.686,0,479.336,0,37.63,0,1,1,1,
/AutoVegetation/grp_veg_birch_s_nw_04,grp_veg_birch_s_nw_04,424e77553898a322,3323.172,0,473.312,0,108.83,0,1,1,1,
/AutoVegetation/grp_veg_birch_s_nw_04,grp_veg_birch_s_nw_04,5ecea4f47c2a0c6,3573.029,0,446.842,0,3.93,0,1,1,1,
/AutoVegetation/grp_veg_birch_s_nw_04,grp_veg_birch_s_nw_04,5f87950345273779,3378.283,0,573.878,0,181.39,0,1,1,1,
/AutoVegetation/grp_veg_birch_s_nw_04,grp_veg_birch_s_nw_04,79179c4c1abba08c,3487.369,0,332.823,0,180.62,0,1,1,1,
/AutoVegetation/grp_veg_birch_s_nw_04,grp_veg_birch_s_nw_04,79eabc7467c24b35,3349.562,0,340.157,0,200.61,0,1,1,1,
/AutoVegetation/grp_veg_birch_s_nw_04,grp_veg_birch_s_nw_04,f4116d22b2d7404,3532.327,0,573.477,0,144.9,0,1,1,1,
/AutoVegetation/grp_veg_chestnut_m_nw_01,grp_veg_chestnut_m_nw_01,1036b76e38bd8b32,3342.772,0,584.333,0,126.51,0,1,1,1,
/AutoVegetation/grp_veg_chestnut_m_nw_01,grp_veg_chestnut_m_nw_01,1949d0353822821e,3486.077,0,576.653,0,0.52,0,1,1,1,
/AutoVegetation/grp_veg_chestnut_m_nw_01,grp_veg_chestnut_m_nw_01,197e5030454d64a5,3567.951,0,458.343,0,289.24,0,1,1,1,
/AutoVegetation/grp_veg_chestnut_m_nw_01,grp_veg_chestnut_m_nw_01,1a489d6c51893b3a,3436.809,0,323.766,0,221.4,0,1,1,1,
/AutoVegetation/grp_veg_chestnut_m_nw_01,grp_veg_chestnut_m_nw_01,1e0218295bd502d1,3397.355,0,583.275,0,266.77,0,1,1,1,
/AutoVegetation/grp_veg_chestnut_m_nw_01,grp_veg_chestnut_m_nw_01,20d53a2c7a363070,3583.829,0,508.609,0,2.8,0,1,1,1,
/AutoVegetation/grp_veg_chestnut_m_nw_01,grp_veg_chestnut_m_nw_01,20ff5746250096f9,3324.531,0,412.148,0,196.88,0,1,1,1,
/AutoVegetation/grp_veg_chestnut_m_nw_01,grp_veg_chestnut_m_nw_01,2307e0ed1a2c274a,3472.539,0,322.294,0,170.72,0,1,1,1,
/AutoVegetation/grp_veg_chestnut_m_nw_01,grp_veg_chestnut_m_nw_01,2900e9e71df21669,3323.887,0,393.805,0,135.23,0,1,1,1,
/AutoVegetation/grp_veg_chestnut_m_nw_01,grp_veg_chestnut_m_nw_01,2c27b7ad581b269e,3325.095,0,529.499,0,197.67,0,1,1,1,
/AutoVegetation/grp_veg_chestnut_m_nw_01,grp_veg_chestnut_m_nw_01,35f99b4560c4be1b,3334.152,0,522.573,0,165.33,0,1,1,1,
/AutoVegetation/grp_veg_chestnut_m_nw_01,grp_veg_chestnut_m_nw_01,360b673153bc57ad,3324.082,0,477.437,0,147.43,0,1,1,1,
/AutoVegetation/grp_veg_chestnut_m_nw_01,grp_veg_chestnut_m_nw_01,3af7b24752d19afa,3482.153,0,578.97,0,12.12,0,1,1,1,
/AutoVegetation/grp_veg_chestnut_m_nw_01,grp_veg_chestnut_m_nw_01,3f0cd1c13cbbc100,3493.187,0,587.604,0,268.58,0,1,1,1,
/AutoVegetation/grp_veg_chestnut_m_nw_01,grp_veg_chestnut_m_nw_01,49b665ae667645db,3337.461,0,474.315,0,195.57,0,1,1,1,
/AutoVegetation/grp_veg_chestnut_m_nw_01,grp_veg_chestnut_m_nw_01,4e3709501b4727e7,3406.343,0,582.374,0,337,0,1,1,1,
/AutoVegetation/grp_veg_chestnut_m_nw_01,grp_veg_chestnut_m_nw_01,52d458a12c256f5b,3317.814,0,502.275,0,144.56,0,1,1,1,
/AutoVegetation/grp_veg_chestnut_m_nw_01,grp_veg_chestnut_m_nw_01,59279fce69e90bd0,3476.001,0,316.216,0,346.46,0,1,1,1,
/AutoVegetation/grp_veg_chestnut_m_nw_01,grp_veg_chestnut_m_nw_01,675773936040fb49,3506.368,0,339.317,0,22.63,0,1,1,1,
/AutoVegetation/grp_veg_chestnut_m_nw_01,grp_veg_chestnut_m_nw_01,6d8a4dd04aa1d7cc,3573.51,0,346.192,0,18.84,0,1,1,1,
/AutoVegetation/grp_veg_chestnut_m_nw_01,grp_veg_chestnut_m_nw_01,7302df211d97ad71,3428.737,0,562.931,0,80.69,0,1,1,1,
/AutoVegetation/grp_veg_chestnut_m_nw_01,grp_veg_chestnut_m_nw_01,73e5e4cd719a25e5,3575.228,0,382.007,0,314.12,0,1,1,1,
/AutoVegetation/grp_veg_chestnut_m_nw_01,grp_veg_chestnut_m_nw_01,74de5b40f908649,3322.7,0,339.241,0,209.61,0,1,1,1,
/AutoVegetation/grp_veg_chestnut_m_nw_01,grp_veg_chestnut_m_nw_01,775dc2a53896978e,3556.755,0,334.337,0,295.27,0,1,1,1,
/AutoVegetation/grp_veg_chestnut_m_nw_01,grp_veg_chestnut_m_nw_01,a96f97818b3ab49,3465.275,0,563.099,0,209.09,0,1,1,1,
/AutoVegetation/grp_veg_chestnut_m_nw_02,grp_veg_chestnut_m_nw_02,22237eff398693db,3575.205,0,385.046,0,36.69,0,1,1,1,
/AutoVegetation/grp_veg_chestnut_m_nw_02,grp_veg_chestnut_m_nw_02,2da81e104d278478,3567.254,0,442.55,0,67.98,0,1,1,1,
/AutoVegetation/grp_veg_chestnut_m_nw_02,grp_veg_chestnut_m_nw_02,337778d671aeebf2,3527.942,0,562.778,0,43.36,0,1,1,1,
/AutoVegetation/grp_veg_chestnut_m_nw_02,grp_veg_chestnut_m_nw_02,3c5b56ac3179e998,3574.91,0,397.394,0,337.25,0,1,1,1,
/AutoVegetation/grp_veg_chestnut_m_nw_02,grp_veg_chestnut_m_nw_02,3cea7ced7e68e01a,3357.666,0,332.39,0,143.2,0,1,1,1,
/AutoVegetation/grp_veg_chestnut_m_nw_02,grp_veg_chestnut_m_nw_02,3e0c2ceb18b43bdd,3502.225,0,324.067,0,84.48,0,1,1,1,
/AutoVegetation/grp_veg_chestnut_m_nw_02,grp_veg_chestnut_m_nw_02,3e165285356b601e,3554.275,0,562.822,0,339.77,0,1,1,1,
/AutoVegetation/grp_veg_chestnut_m_nw_02,grp_veg_chestnut_m_nw_02,3eec8775681f40de,3442.548,0,313.897,0,340.17,0,1,1,1,
/AutoVegetation/grp_veg_chestnut_m_nw_02,grp_veg_chestnut_m_nw_02,42c989e24a0f77f7,3580.364,0,374.528,0,24.94,0,1,1,1,
/AutoVegetation/grp_veg_chestnut_m_nw_02,grp_veg_chestnut_m_nw_02,5a37e0ae6441a75c,3557.015,0,326.259,0,46.49,0,1,1,1,
/AutoVegetation/grp_veg_chestnut_m_nw_02,grp_veg_chestnut_m_nw_02,5d6e1d1d1a74b064,3566.768,0,575.212,0,105.2,0,1,1,1,
/AutoVegetation/grp_veg_chestnut_m_nw_02,grp_veg_chestnut_m_nw_02,5e5aae1a2ced6066,3465.008,0,576.125,0,227.19,0,1,1,1,
/AutoVegetation/grp_veg_chestnut_m_nw_02,grp_veg_chestnut_m_nw_02,658a71f1168b37b8,3557.224,0,335.217,0,3.32,0,1,1,1,
/AutoVegetation/grp_veg_chestnut_m_nw_02,grp_veg_chestnut_m_nw_02,68dbf1fb6b0879d7,3582.918,0,546.978,0,159.61,0,1,1,1,
/AutoVegetation/grp_veg_chestnut_m_nw_02,grp_veg_chestnut_m_nw_02,693d688062414fb3,3382.522,0,575.168,0,304.71,0,1,1,1,
/AutoVegetation/grp_veg_chestnut_m_nw_02,grp_veg_chestnut_m_nw_02,695a78373bb04a9d,3330.99,0,464.303,0,149.47,0,1,1,1,
/AutoVegetation/grp_veg_chestnut_m_nw_02,grp_veg_chestnut_m_nw_02,6a20660a239f1166,3362.889,0,585.298,0,59.49,0,1,1,1,
/AutoVegetation/grp_veg_chestnut_m_nw_02,grp_veg_chestnut_m_nw_02,6b0ac229376aa6fe,3584.824,0,566.508,0,339.55,0,1,1,1,
/AutoVegetation/grp_veg_chestnut_m_nw_02,grp_veg_chestnut_m_nw_02,730ef2c033b1ae04,3404.388,0,566.309,0,342.4,0,1,1,1,
/AutoVegetation/grp_veg_chestnut_m_nw_02,grp_veg_chestnut_m_nw_02,75fd5d9b698724e7,3580.448,0,436.654,0,352.04,0,1,1,1,
/AutoVegetation/grp_veg_chestnut_m_nw_02,grp_veg_chestnut_m_nw_02,8995e5a3810f6a8,3324.538,0,500.367,0,317.27,0,1,1,1,
/AutoVegetation/grp_veg_chestnut_m_nw_03,grp_veg_chestnut_m_nw_03,11cb17322585cbaa,3331.821,0,559.398,0,187.36,0,1,1,1,
/AutoVegetation/grp_veg_chestnut_m_nw_03,grp_veg_chestnut_m_nw_03,195d055e49d88c83,3438.756,0,329.104,0,331.33,0,1,1,1,
/AutoVegetation/grp_veg_chestnut_m_nw_03,grp_veg_chestnut_m_nw_03,196d69965b20b85,3500.309,0,316.604,0,216.85,0,1,1,1,
/AutoVegetation/grp_veg_chestnut_m_nw_03,grp_veg_chestnut_m_nw_03,199996f14621925a,3329.829,0,586.837,0,31.72,0,1,1,1,
/AutoVegetation/grp_veg_chestnut_m_nw_03,grp_veg_chestnut_m_nw_03,1a604f8f6e8cb1e7,3322.982,0,412.214,0,108.65,0,1,1,1,
/AutoVegetation/grp_veg_chestnut_m_nw_03,grp_veg_chestnut_m_nw_03,3b9147ed797ea29f,3435.479,0,572.896,0,86.18,0,1,1,1,
/AutoVegetation/grp_veg_chestnut_m_nw_03,grp_veg_chestnut_m_nw_03,45a10baf7e5923da,3390.743,0,563.689,0,110.51,0,1,1,1,
/AutoVegetation/grp_veg_chestnut_m_nw_03,grp_veg_chestnut_m_nw_03,45b608f15bd57fe8,3483.581,0,339.822,0,358.58,0,1,1,1,
/AutoVegetation/grp_veg_chestnut_m_nw_03,grp_veg_chestnut_m_nw_03,4730cb0650332814,3458.889,0,585.709,0,43.13,0,1,1,1,
/AutoVegetation/grp_veg_chestnut_m_nw_03,grp_veg_chestnut_m_nw_03,48271dd71995a043,3337.285,0,332.16,0,148.57,0,1,1,1,
/AutoVegetation/grp_veg_chestnut_m_nw_03,grp_veg_chestnut_m_nw_03,508b3df76ef63159,3533.159,0,314.191,0,5.12,0,1,1,1,
/AutoVegetation/grp_veg_chestnut_m_nw_03,grp_veg_chestnut_m_nw_03,511e2b1771aef67e,3439.975,0,582.167,0,315.81,0,1,1,1,
/AutoVegetation/grp_veg_chestnut_m_nw_03,grp_veg_chestnut_m_nw_03,60e5ec9e38affe70,3323.494,0,536.755,0,234.53,0,1,1,1,
/AutoVegetation/grp_veg_chestnut_m_nw_03,grp_veg_chestnut_m_nw_03,642178093dd79cec,3393.434,0,582.447,0,328.21,0,1,1,1,
/AutoVegetation/grp_veg_chestnut_m_nw_03,grp_veg_chestnut_m_nw_03,7adb743229f9f753,3413.895,0,320.109,0,185.07,0,1,1,1,
/AutoVegetation/grp_veg_chestnut_m_nw_03,grp_veg_chestnut_m_nw_03,cee0f967854c748,3503.034,0,338.086,0,231.51,0,1,1,1,
/AutoVegetation/grp_veg_chestnut_m_nw_04,grp_veg_chestnut_m_nw_04,17a72bd91d1b0119,3472.216,0,319.132,0,300.01,0,1,1,1,
/AutoVegetation/grp_veg_chestnut_m_nw_04,grp_veg_chestnut_m_nw_04,203ce90257a9350,3472.454,0,331.776,0,324.99,0,1,1,1,
/AutoVegetation/grp_veg_chestnut_m_nw_04,grp_veg_chestnut_m_nw_04,21a3fa5e7d20155a,3565.908,0,586.525,0,314.98,0,1,1,1,
/AutoVegetation/grp_veg_chestnut_m_nw_04,grp_veg_chestnut_m_nw_04,2bf51c1c5d29d971,3323.223,0,345.282,0,193.63,0,1,1,1,
/AutoVegetation/grp_veg_chestnut_m_nw_04,grp_veg_chestnut_m_nw_04,2dd535b3f51311d,3530.867,0,570.493,0,105.66,0,1,1,1,
/AutoVegetation/grp_veg_chestnut_m_nw_04,grp_veg_chestnut_m_nw_04,2e9c448c250db101,3324.092,0,501.235,0,149.33,0,1,1,1,
/AutoVegetation/grp_veg_chestnut_m_nw_04,grp_veg_chestnut_m_nw_04,3398996d05c57268,3487.01,0,577.272,0,349.55,0,1,1,1,
/AutoVegetation/grp_veg_chestnut_m_nw_04,grp_veg_chestnut_m_nw_04,34c3fb31b03be06,3575.859,0,564.312,0,259.32,0,1,1,1,
/AutoVegetation/grp_veg_chestnut_m_nw_04,grp_veg_chestnut_m_nw_04,376e54836e55d04a,3335.347,0,544.324,0,323.3,0,1,1,1,
/AutoVegetation/grp_veg_chestnut_m_nw_04,grp_veg_chestnut_m_nw_04,62aa87770a6533b1,3568.394,0,317.841,0,171.09,0,1,1,1,
/AutoVegetation/grp_veg_chestnut_m_nw_04,grp_veg_chestnut_m_nw_04,690227c725171af,3465.516,0,314.881,0,140.38,0,1,1,1,
/AutoVegetation/grp_veg_chestnut_m_nw_04,grp_veg_chestnut_m_nw_04,6b69ab064ec7bdd5,3522.263,0,588.045,0,300.3,0,1,1,1,
/AutoVegetation/grp_veg_chestnut_m_nw_04,grp_veg_chestnut_m_nw_04,7a261972795bcbaa,3517.758,0,573.593,0,293.21,0,1,1,1,
/AutoVegetation/grp_veg_chestnut_m_nw_04,grp_veg_chestnut_m_nw_04,7d0e3a422a9c524d,3581.729,0,451.494,0,84.95,0,1,1,1,
/AutoVegetation/grp_veg_chestnut_m_nw_04,grp_veg_chestnut_m_nw_04,caf6327668eca60,3573.77,0,405.744,0,155.44,0,1,1,1,
/AutoVegetation/grp_veg_chestnut_s_nw_01,grp_veg_chestnut_s_nw_01,184c95b2636a9360,3329.588,0,557.161,0,187.83,0,1,1,1,
/AutoVegetation/grp_veg_chestnut_s_nw_01,grp_veg_chestnut_s_nw_01,2178833454196895,3341.726,0,563.789,0,349.2,0,1,1,1,
/AutoVegetation/grp_veg_chestnut_s_nw_01,grp_veg_chestnut_s_nw_01,21b30a5869988cef,3571.141,0,376.796,0,240.61,0,1,1,1,
/AutoVegetation/grp_veg_chestnut_s_nw_01,grp_veg_chestnut_s_nw_01,2d1fc05669b176d7,3564.525,0,578.731,0,267.52,0,1,1,1,
/AutoVegetation/grp_veg_chestnut_s_nw_01,grp_veg_chestnut_s_nw_01,30fe46431332e3e9,3336.717,0,427.478,0,83.29,0,1,1,1,
/AutoVegetation/grp_veg_chestnut_s_nw_01,grp_veg_chestnut_s_nw_01,35422413030caeae,3346.547,0,586.133,0,262.68,0,1,1,1,
/AutoVegetation/grp_veg_chestnut_s_nw_01,grp_veg_chestnut_s_nw_01,378c34ab375cc083,3337.649,0,440.445,0,111.11,0,1,1,1,
/AutoVegetation/grp_veg_chestnut_s_nw_01,grp_veg_chestnut_s_nw_01,3e4f0167742177ec,3421.585,0,586.676,0,108.89,0,1,1,1,
/AutoVegetation/grp_veg_chestnut_s_nw_01,grp_veg_chestnut_s_nw_01,45cd67f71b8cfd55,3335.01,0,393.118,0,233.91,0,1,1,1,
/AutoVegetation/grp_veg_chestnut_s_nw_01,grp_veg_chestnut_s_nw_01,466d8c9e4ff92dc3,3355.879,0,322.201,0,352.54,0,1,1,1,
/AutoVegetation/grp_veg_chestnut_s_nw_01,grp_veg_chestnut_s_nw_01,480080ca35a52fad,3321.278,0,550.276,0,281.57,0,1,1,1,
/AutoVegetation/grp_veg_chestnut_s_nw_01,grp_veg_chestnut_s_nw_01,4bbde8ea7ac95932,3386.054,0,571.705,0,256.7,0,1,1,1,
/AutoVegetation/grp_veg_chestnut_s_nw_01,grp_veg_chestnut_s_nw_01,4feab45e5b99bc1a,3567.284,0,470.625,0,9.27,0,1,1,1,
/AutoVegetation/grp_veg_chestnut_s_nw_01,grp_veg_chestnut_s_nw_01,567b6ed704fc3d80,3332.624,0,552.583,0,342,0,1,1,1,
/AutoVegetation/grp_veg_chestnut_s_nw_01,grp_veg_chestnut_s_nw_01,5a762dcd5d0d4ed7,3565.776,0,510.369,0,143.89,0,1,1,1,
/AutoVegetation/grp_veg_chestnut_s_nw_01,grp_veg_chestnut_s_nw_01,5e227d96b8c995d,3325.905,0,579.838,0,7.54,0,1,1,1,
/AutoVegetation/grp_veg_chestnut_s_nw_01,grp_veg_chestnut_s_nw_01,654fbd285cf8543c,3553.923,0,326.581,0,191.76,0,1,1,1,
/AutoVegetation/grp_veg_chestnut_s_nw_01,grp_veg_chestnut_s_nw_01,6d3a3ff72c6eb52d,3328.937,0,574.898,0,320.5,0,1,1,1,
/AutoVegetation/grp_veg_chestnut_s_nw_01,grp_veg_chestnut_s_nw_01,6f726412757ec2c6,3524.924,0,561.062,0,172.4,0,1,1,1,
/AutoVegetation/grp_veg_chestnut_s_nw_01,grp_veg_chestnut_s_nw_01,772093d22039c2a9,3535.922,0,340.815,0,157.94,0,1,1,1,
/AutoVegetation/grp_veg_chestnut_s_nw_01,grp_veg_chestnut_s_nw_01,7f5f83bc0fa8077c,3531.952,0,560.861,0,82.54,0,1,1,1,
/AutoVegetation/grp_veg_chestnut_s_nw_01,grp_veg_chestnut_s_nw_01,9c4a03e411c99f0,3347.95,0,329.93,0,88.74,0,1,1,1,
/AutoVegetation/grp_veg_chestnut_s_nw_01,grp_veg_chestnut_s_nw_01,c21ff9d575244ea,3333.051,0,584.776,0,112.23,0,1,1,1,
/AutoVegetation/grp_veg_chestnut_s_nw_01,grp_veg_chestnut_s_nw_01,fe679c03a58f4eb,3320.419,0,375.377,0,206.87,0,1,1,1,
/AutoVegetation/grp_veg_chestnut_s_nw_02,grp_veg_chestnut_s_nw_02,22b1ce307d599ca2,3560.947,0,371.619,0,298.83,0,1,1,1,
/AutoVegetation/grp_veg_chestnut_s_nw_02,grp_veg_chestnut_s_nw_02,235d532b4117c0e9,3502.31,0,573.591,0,78.53,0,1,1,1,
/AutoVegetation/grp_veg_chestnut_s_nw_02,grp_veg_chestnut_s_nw_02,2d6a86848bff442,3566.402,0,416.579,0,310.64,0,1,1,1,
/AutoVegetation/grp_veg_chestnut_s_nw_02,grp_veg_chestnut_s_nw_02,2e741fdc2ec3502a,3417.093,0,573.215,0,7.62,0,1,1,1,
/AutoVegetation/grp_veg_chestnut_s_nw_02,grp_veg_chestnut_s_nw_02,3c76e795118ed0b1,3410.002,0,335.179,0,314.09,0,1,1,1,
/AutoVegetation/grp_veg_chestnut_s_nw_02,grp_veg_chestnut_s_nw_02,3f5ee4a44725ccba,3517.738,0,315.452,0,0.25,0,1,1,1,
/AutoVegetation/grp_veg_chestnut_s_nw_02,grp_veg_chestnut_s_nw_02,40376fc48197a75,3333.291,0,495.645,0,245.47,0,1,1,1,
/AutoVegetation/grp_veg_chestnut_s_nw_02,grp_veg_chestnut_s_nw_02,42d309f31eca079d,3334.307,0,491.751,0,142.83,0,1,1,1,
/AutoVegetation/grp_veg_chestnut_s_nw_02,grp_veg_chestnut_s_nw_02,44c0baaf58a6149b,3573.806,0,430.486,0,213.35,0,1,1,1,
/AutoVegetation/grp_veg_chestnut_s_nw_02,grp_veg_chestnut_s_nw_02,4afd4086fe8bee3,3575.387,0,517.563,0,271.67,0,1,1,1,
/AutoVegetation/grp_veg_chestnut_s_nw_02,grp_veg_chestnut_s_nw_02,4f2b9f1360606164,3459.919,0,574.263,0,348.86,0,1,1,1,
/AutoVegetation/grp_veg_chestnut_s_nw_02,grp_veg_chestnut_s_nw_02,5264dc4a0b094656,3470.071,0,578.125,0,68.89,0,1,1,1,
/AutoVegetation/grp_veg_chestnut_s_nw_02,grp_veg_chestnut_s_nw_02,579c2931654f6357,3412.542,0,563.168,0,236.7,0,1,1,1,
/AutoVegetation/grp_veg_chestnut_s_nw_02,grp_veg_chestnut_s_nw_02,5a6acb534f01488b,3427.491,0,585.176,0,270.45,0,1,1,1,
/AutoVegetation/grp_veg_chestnut_s_nw_02,grp_veg_chestnut_s_nw_02,667749605ef592a3,3494.235,0,560.738,0,161.99,0,1,1,1,
/AutoVegetation/grp_veg_chestnut_s_nw_02,grp_veg_chestnut_s_nw_02,6c9a90634b697267,3578.596,0,572.885,0,328.52,0,1,1,1,
/AutoVegetation/grp_veg_chestnut_s_nw_02,grp_veg_chestnut_s_nw_02,6f08888c137b2240,3549.165,0,565.96,0,36.11,0,1,1,1,
/AutoVegetation/grp_veg_chestnut_s_nw_02,grp_veg_chestnut_s_nw_02,70e8b2c96b5f1c59,3575.422,0,341.088,0,185.31,0,1,1,1,
/AutoVegetation/grp_veg_chestnut_s_nw_02,grp_veg_chestnut_s_nw_02,771c944c3aa129e6,3333.122,0,446.155,0,152.38,0,1,1,1,
/AutoVegetation/grp_veg_chestnut_s_nw_02,grp_veg_chestnut_s_nw_02,7910b59944c2a904,3540.028,0,572.188,0,247.44,0,1,1,1,
/AutoVegetation/grp_veg_chestnut_s_nw_02,grp_veg_chestnut_s_nw_02,7e3a72654cd47a4d,3428.004,0,333.408,0,87.24,0,1,1,1,
/AutoVegetation/grp_veg_chestnut_s_nw_03,grp_veg_chestnut_s_nw_03,1de9404825cc1ed5,3424.601,0,315.521,0,279.24,0,1,1,1,
/AutoVegetation/grp_veg_chestnut_s_nw_03,grp_veg_chestnut_s_nw_03,1e56e484678b0c9b,3483.082,0,585.434,0,209.52,0,1,1,1,
/AutoVegetation/grp_veg_chestnut_s_nw_03,grp_veg_chestnut_s_nw_03,1f82395811511ae2,3544.509,0,578.995,0,182.84,0,1,1,1,
/AutoVegetation/grp_veg_chestnut_s_nw_03,grp_veg_chestnut_s_nw_03,2028c43e7b1b26c7,3336.305,0,375.795,0,54.02,0,1,1,1,
/AutoVegetation/grp_veg_chestnut_s_nw_03,grp_veg_chestnut_s_nw_03,3098330821fe9111,3501.639,0,320.707,0,205.51,0,1,1,1,
/AutoVegetation/grp_veg_chestnut_s_nw_03,grp_veg_chestnut_s_nw_03,4632cb9a3a99dbe1,3508.039,0,564.509,0,180.78,0,1,1,1,
/AutoVegetation/grp_veg_chestnut_s_nw_03,grp_veg_chestnut_s_nw_03,4c45bad71b58b997,3505.601,0,566.782,0,53.49,0,1,1,1,
/AutoVegetation/grp_veg_chestnut_s_nw_03,grp_veg_chestnut_s_nw_03,4d1a73a331e9ba84,3567.102,0,378.506,0,8.68,0,1,1,1,
/AutoVegetation/grp_veg_chestnut_s_nw_03,grp_veg_chestnut_s_nw_03,5a92b7947478abba,3503.043,0,332.464,0,58.14,0,1,1,1,
/AutoVegetation/grp_veg_chestnut_s_nw_03,grp_veg_chestnut_s_nw_03,5b1246dd071e835e,3573.057,0,572.193,0,103.7,0,1,1,1,
/AutoVegetation/grp_veg_chestnut_s_nw_03,grp_veg_chestnut_s_nw_03,654ec31c03c22cac,3402.407,0,585.529,0,177.25,0,1,1,1,
/AutoVegetation/grp_veg_chestnut_s_nw_03,grp_veg_chestnut_s_nw_03,7d8fc353e03266d,3577.059,0,334.477,0,285.3,0,1,1,1,
/AutoVegetation/grp_veg_chestnut_s_nw_03,grp_veg_chestnut_s_nw_03,a41cccf155e6aae,3355.953,0,565.969,0,299.45,0,1,1,1,
/AutoVegetation/grp_veg_chestnut_s_nw_03,grp_veg_chestnut_s_nw_03,da27a4072eba89b,3334.642,0,458.461,0,315,0,1,1,1,
/AutoVegetation/grp_veg_chestnut_s_nw_03,grp_veg_chestnut_s_nw_03,eb14eb126e70a1,3356.605,0,327.751,0,111.42,0,1,1,1,
/AutoVegetation/grp_veg_chestnut_s_nw_04,grp_veg_chestnut_s_nw_04,15f72dc361cae3bb,3396.284,0,564.217,0,200.46,0,1,1,1,
/AutoVegetation/grp_veg_chestnut_s_nw_04,grp_veg_chestnut_s_nw_04,286f996d5da1044e,3334.009,0,344.8,0,78.64,0,1,1,1,
/AutoVegetation/grp_veg_chestnut_s_nw_04,grp_veg_chestnut_s_nw_04,327925755d3c732,3327.828,0,321.647,0,32.42,0,1,1,1,
/AutoVegetation/grp_veg_chestnut_s_nw_04,grp_veg_chestnut_s_nw_04,36b850a574910cf6,3573.526,0,586.73,0,67.29,0,1,1,1,
/AutoVegetation/grp_veg_chestnut_s_nw_04,grp_veg_chestnut_s_nw_04,383396a73a33ada2,3412.444,0,325.693,0,125.85,0,1,1,1,
/AutoVegetation/grp_veg_chestnut_s_nw_04,grp_veg_chestnut_s_nw_04,42fdbbeb6e7d4db5,3558.507,0,563.818,0,155.46,0,1,1,1,
/AutoVegetation/grp_veg_chestnut_s_nw_04,grp_veg_chestnut_s_nw_04,4b36c19564579a1c,3389.171,0,314.804,0,131.88,0,1,1,1,
/AutoVegetation/grp_veg_chestnut_s_nw_04,grp_veg_chestnut_s_nw_04,574267c708347d3e,3476.183,0,560.808,0,197.79,0,1,1,1,
/AutoVegetation/grp_veg_chestnut_s_nw_04,grp_veg_chestnut_s_nw_04,65070263563a89fd,3334.491,0,581.784,0,309.6,0,1,1,1,
/AutoVegetation/grp_veg_chestnut_s_nw_04,grp_veg_chestnut_s_nw_04,6a47088d52424d99,3336.897,0,508.175,0,41.54,0,1,1,1,
/AutoVegetation/grp_veg_chestnut_s_nw_04,grp_veg_chestnut_s_nw_04,6e09ebda598b5d7c,3564.095,0,456.238,0,347.91,0,1,1,1,
/AutoVegetation/grp_veg_chestnut_s_nw_04,grp_veg_chestnut_s_nw_04,72b85e050cd9de93,3397.316,0,578.603,0,87.16,0,1,1,1,
/AutoVegetation/grp_veg_chestnut_s_nw_04,grp_veg_chestnut_s_nw_04,cd68f803bd2468f,3370.439,0,577.407,0,5.38,0,1,1,1,
/AutoVegetation/grp_veg_chestnut_s_nw_04,grp_veg_chestnut_s_nw_04,ff3e1b0107922a8,3567.003,0,386.316,0,103.38,0,1,1,1,
/AutoVegetation/grp_veg_con_m_nw_01,grp_veg_con_m_nw_01,169abcdf34108859,3332.627,0,356.371,0,153.88,0,1,1,1,
/AutoVegetation/grp_veg_con_m_nw_01,grp_veg_con_m_nw_01,172de9334d0c08e7,3319.133,0,463.728,0,169.32,0,1,1,1,
/AutoVegetation/grp_veg_con_m_nw_01,grp_veg_con_m_nw_01,190f044d1534027d,3529.377,0,585.482,0,357.75,0,1,1,1,
/AutoVegetation/grp_veg_con_m_nw_01,grp_veg_con_m_nw_01,1dc2bc6868f1a792,3445.153,0,561.858,0,319.05,0,1,1,1,
/AutoVegetation/grp_veg_con_m_nw_01,grp_veg_con_m_nw_01,1f26444c2a9a262b,3561.255,0,448.622,0,281.64,0,1,1,1,
/AutoVegetation/grp_veg_con_m_nw_01,grp_veg_con_m_nw_01,20e3dc2677872cb1,3576.286,0,414.301,0,179.31,0,1,1,1,
/AutoVegetation/grp_veg_con_m_nw_01,grp_veg_con_m_nw_01,28cef9345182bea3,3447.749,0,562.37,0,32.63,0,1,1,1,
/AutoVegetation/grp_veg_con_m_nw_01,grp_veg_con_m_nw_01,2fb789b40c25938b,3418.098,0,322.549,0,125.65,0,1,1,1,
/AutoVegetation/grp_veg_con_m_nw_01,grp_veg_con_m_nw_01,370076395780e7e0,3565.06,0,325.673,0,178.28,0,1,1,1,
/AutoVegetation/grp_veg_con_m_nw_01,grp_veg_con_m_nw_01,382dafdc24040805,3456.327,0,562.062,0,340.46,0,1,1,1,
/AutoVegetation/grp_veg_con_m_nw_01,grp_veg_con_m_nw_01,3b30d286441393be,3461.901,0,563.067,0,177.16,0,1,1,1,
/AutoVegetation/grp_veg_con_m_nw_01,grp_veg_con_m_nw_01,3efe65664ca6541f,3529.217,0,337.453,0,67.7,0,1,1,1,
/AutoVegetation/grp_veg_con_m_nw_01,grp_veg_con_m_nw_01,42b2db3b70d77003,3578.216,0,445.723,0,129.08,0,1,1,1,
/AutoVegetation/grp_veg_con_m_nw_01,grp_veg_con_m_nw_01,4ebcd71d14e53c14,3317.092,0,361.079,0,229.56,0,1,1,1,
/AutoVegetation/grp_veg_con_m_nw_01,grp_veg_con_m_nw_01,509aadbe75ec461b,3432.749,0,566.121,0,304.6,0,1,1,1,
/AutoVegetation/grp_veg_con_m_nw_01,grp_veg_con_m_nw_01,5c1cecaa4dc288d8,3567.505,0,423.547,0,159.18,0,1,1,1,
/AutoVegetation/grp_veg_con_m_nw_01,grp_veg_con_m_nw_01,5e8daddb462fd42c,3330.513,0,589.26,0,215,0,1,1,1,
/AutoVegetation/grp_veg_con_m_nw_01,grp_veg_con_m_nw_01,5fe65f43532c5279,3366.011,0,584.821,0,41.41,0,1,1,1,
/AutoVegetation/grp_veg_con_m_nw_01,grp_veg_con_m_nw_01,69306f126a9cf9e7,3577.879,0,473.547,0,213.22,0,1,1,1,
/AutoVegetation/grp_veg_con_m_nw_01,grp_veg_con_m_nw_01,69d28670edf802f,3574.66,0,400.344,0,73.87,0,1,1,1,
/AutoVegetation/grp_veg_con_m_nw_01,grp_veg_con_m_nw_01,72fa365d0f27c09e,3453.439,0,315.473,0,330.75,0,1,1,1,
/AutoVegetation/grp_veg_con_m_nw_01,grp_veg_con_m_nw_01,7594accd559938c6,3448.374,0,326.916,0,158.77,0,1,1,1,
/AutoVegetation/grp_veg_con_m_nw_01,grp_veg_con_m_nw_01,76de44430af340a4,3318.951,0,491.98,0,115.42,0,1,1,1,
/AutoVegetation/grp_veg_con_m_nw_01,grp_veg_con_m_nw_01,79cf09e95c62afd6,3393.688,0,328.582,0,305.9,0,1,1,1,
/AutoVegetation/grp_veg_con_m_nw_01,grp_veg_con_m_nw_01,7ffdb7ad1ec31da5,3401.457,0,567.024,0,300.57,0,1,1,1,
/AutoVegetation/grp_veg_con_m_nw_01,grp_veg_con_m_nw_01,fa6ea383a255246,3500.258,0,316.822,0,78.52,0,1,1,1,
/AutoVegetation/grp_veg_con_m_nw_02,grp_veg_con_m_nw_02,18c9736552f6138b,3556.414,0,334.705,0,242.03,0,1,1,1,
/AutoVegetation/grp_veg_con_m_nw_02,grp_veg_con_m_nw_02,2e2cd67e65845899,3443.267,0,320.453,0,199.17,0,1,1,1,
/AutoVegetation/grp_veg_con_m_nw_02,grp_veg_con_m_nw_02,30544a59570072d0,3517.789,0,586.53,0,139.59,0,1,1,1,
/AutoVegetation/grp_veg_con_m_nw_02,grp_veg_con_m_nw_02,378535073d838853,3548.083,0,327.732,0,270.82,0,1,1,1,
/AutoVegetation/grp_veg_con_m_nw_02,grp_veg_con_m_nw_02,398cc1f2073f80aa,3558.856,0,567.992,0,193.49,0,1,1,1,
/AutoVegetation/grp_veg_con_m_nw_02,grp_veg_con_m_nw_02,3ade57741db8ff78,3494.242,0,567.365,0,75.88,0,1,1,1,
/AutoVegetation/grp_veg_con_m_nw_02,grp_veg_con_m_nw_02,435aca062aafefb7,3500.991,0,583.62,0,154.07,0,1,1,1,
/AutoVegetation/grp_veg_con_m_nw_02,grp_veg_con_m_nw_02,4467f8c43bcdc415,3560.303,0,586.303,0,353.46,0,1,1,1,
/AutoVegetation/grp_veg_con_m_nw_02,grp_veg_con_m_nw_02,4fa7d72c207e5fe1,3333.074,0,426.707,0,18.56,0,1,1,1,
/AutoVegetation/grp_veg_con_m_nw_02,grp_veg_con_m_nw_02,6cde69700634cf9e,3452.953,0,333.065,0,120.72,0,1,1,1,
/AutoVegetation/grp_veg_con_m_nw_02,grp_veg_con_m_nw_02,6d1b66f16a97b49c,3324.64,0,476.018,0,147.62,0,1,1,1,
/AutoVegetation/grp_veg_con_m_nw_02,grp_veg_con_m_nw_02,6d581bcd3dfa4e3d,3399.408,0,574.206,0,87.56,0,1,1,1,
/AutoVegetation/grp_veg_con_m_nw_02,grp_veg_con_m_nw_02,6d7f6cd625423b6c,3411.863,0,320.576,0,154.74,0,1,1,1,
/AutoVegetation/grp_veg_con_m_nw_02,grp_veg_con_m_nw_02,71f675ee43aca8f6,3490.459,0,334.688,0,152.8,0,1,1,1,
/AutoVegetation/grp_veg_con_m_nw_02,grp_veg_con_m_nw_02,76bda763120f0fb7,3406.651,0,331.261,0,335.41,0,1,1,1,
/AutoVegetation/grp_veg_con_m_nw_02,grp_veg_con_m_nw_02,7f47abc8035a5aba,3544.431,0,314.75,0,80.21,0,1,1,1,
/AutoVegetation/grp_veg_con_m_nw_02,grp_veg_con_m_nw_02,8f35de25330eb0c,3332.192,0,361.171,0,336.83,0,1,1,1,
/AutoVegetation/grp_veg_con_m_nw_02,grp_veg_con_m_nw_02,91be1774af1216d,3512.875,0,566.782,0,276.07,0,1,1,1,
/AutoVegetation/grp_veg_con_m_nw_02,grp_veg_con_m_nw_02,e31f64c5f153fc7,3573.411,0,317.629,0,54.14,0,1,1,1,
/AutoVegetation/grp_veg_con_m_nw_03,grp_veg_con_m_nw_03,1535e4312b6542db,3445.598,0,317.714,0,331.85,0,1,1,1,
/AutoVegetation/grp_veg_con_m_nw_03,grp_veg_con_m_nw_03,16b06d4d51c301f2,3546.565,0,335.668,0,40.19,0,1,1,1,
/AutoVegetation/grp_veg_con_m_nw_03,grp_veg_con_m_nw_03,1926d8134f9e8836,3577.369,0,385.452,0,72.25,0,1,1,1,
/AutoVegetation/grp_veg_con_m_nw_03,grp_veg_con_m_nw_03,1d0dc2b163129f8c,3563.63,0,446.968,0,295.43,0,1,1,1,
/AutoVegetation/grp_veg_con_m_nw_03,grp_veg_con_m_nw_03,2dd0c70333ea09b3,3565.146,0,443.47,0,39.34,0,1,1,1,
/AutoVegetation/grp_veg_con_m_nw_03,grp_veg_con_m_nw_03,45688dfa39911f7f,3323.736,0,419.906,0,314.02,0,1,1,1,
/AutoVegetation/grp_veg_con_m_nw_03,grp_veg_con_m_nw_03,548c633439024f64,3323.075,0,403.54,0,53.42,0,1,1,1,
/AutoVegetation/grp_veg_con_m_nw_03,grp_veg_con_m_nw_03,654ee08b4f623e62,3565.886,0,381.333,0,108.26,0,1,1,1,
/AutoVegetation/grp_veg_con_m_nw_03,grp_veg_con_m_nw_03,6893ee354e189b1b,3546.247,0,335.469,0,239.44,0,1,1,1,
/AutoVegetation/grp_veg_con_m_nw_03,grp_veg_con_m_nw_03,6a244dd47959b47,3331.184,0,507.24,0,196.17,0,1,1,1,
/AutoVegetation/grp_veg_con_m_nw_03,grp_veg_con_m_nw_03,701ce8172ab76e86,3578.063,0,371.361,0,219.09,0,1,1,1,
/AutoVegetation/grp_veg_con_m_nw_03,grp_veg_con_m_nw_03,72ab768d631419a4,3421.585,0,323.164,0,325.32,0,1,1,1,
/AutoVegetation/grp_veg_con_m_nw_03,grp_veg_con_m_nw_03,7ad4a13831809a5d,3317.922,0,502.22,0,19.07,0,1,1,1,
/AutoVegetation/grp_veg_con_m_nw_03,grp_veg_con_m_nw_03,7f2d44834e8f9db,3561.465,0,493.055,0,0.78,0,1,1,1,
/AutoVegetation/grp_veg_con_m_nw_04,grp_veg_con_m_nw_04,17fb996863b38541,3324.459,0,416.212,0,58.44,0,1,1,1,
/AutoVegetation/grp_veg_con_m_nw_04,grp_veg_con_m_nw_04,1c14eef109d6c88f,3565.857,0,375.151,0,42.16,0,1,1,1,
/AutoVegetation/grp_veg_con_m_nw_04,grp_veg_con_m_nw_04,1f480f74c0bc1ec,3324.167,0,410.996,0,329.79,0,1,1,1,
/AutoVegetation/grp_veg_con_m_nw_04,grp_veg_con_m_nw_04,21d0fea44c4b9296,3392.894,0,338.371,0,1.89,0,1,1,1,
/AutoVegetation/grp_veg_con_m_nw_04,grp_veg_con_m_nw_04,296483ce4b2e69b5,3478.255,0,574.641,0,68.05,0,1,1,1,
/AutoVegetation/grp_veg_con_m_nw_04,grp_veg_con_m_nw_04,389c29df6f5fdd2f,3520.618,0,339.802,0,109.71,0,1,1,1,
/AutoVegetation/grp_veg_con_m_nw_04,grp_veg_con_m_nw_04,4d54f301c6a967d,3517.926,0,572.982,0,213.2,0,1,1,1,
/AutoVegetation/grp_veg_con_m_nw_04,grp_veg_con_m_nw_04,4daa073f19431e9f,3580.524,0,443.126,0,23.48,0,1,1,1,
/AutoVegetation/grp_veg_con_m_nw_04,grp_veg_con_m_nw_04,53919822265f4535,3571.569,0,373.66,0,256.02,0,1,1,1,
/AutoVegetation/grp_veg_con_m_nw_04,grp_veg_con_m_nw_04,582d95cf444cc736,3583.924,0,550.586,0,335.59,0,1,1,1,
/AutoVegetation/grp_veg_con_m_nw_04,grp_veg_con_m_nw_04,585201941096ffce,3479.771,0,583.503,0,214.4,0,1,1,1,
/AutoVegetation/grp_veg_con_m_nw_04,grp_veg_con_m_nw_04,60faea1f59682edb,3357.892,0,316.082,0,129.61,0,1,1,1,
/AutoVegetation/grp_veg_con_m_nw_04,grp_veg_con_m_nw_04,61fe5642311f786a,3584.521,0,550.288,0,276.39,0,1,1,1,
/AutoVegetation/grp_veg_con_m_nw_04,grp_veg_con_m_nw_04,62106b3b22cef179,3571.225,0,332.675,0,275.05,0,1,1,1,
/AutoVegetation/grp_veg_con_m_nw_04,grp_veg_con_m_nw_04,7a700f129551aa1,3583.952,0,521.372,0,220.81,0,1,1,1,
/AutoVegetation/grp_veg_con_m_nw_04,grp_veg_con_m_nw_04,8507f361e459a0b,3391.663,0,572.226,0,233.41,0,1,1,1,
/AutoVegetation/grp_veg_con_m_nw_04,grp_veg_con_m_nw_04,e35e00357c3969b,3578.463,0,587.474,0,162.65,0,1,1,1,
/AutoVegetation/grp_veg_con_m_nw_04,grp_veg_con_m_nw_04,f41fd742951e295,3576.249,0,538.814,0,305.85,0,1,1,1,
/AutoVegetation/grp_veg_con_m_nw_04,grp_veg_con_m_nw_04,f67eb6b64955654,3320.518,0,543.611,0,143.82,0,1,1,1,
/AutoVegetation/grp_veg_con_s_nw_01,grp_veg_con_s_nw_01,135dd424e6c9bb5,3320.13,0,504.652,0,145.52,0,1,1,1,
/AutoVegetation/grp_veg_con_s_nw_01,grp_veg_con_s_nw_01,1d887c01385bbe05,3334.929,0,530.752,0,245.66,0,1,1,1,
/AutoVegetation/grp_veg_con_s_nw_01,grp_veg_con_s_nw_01,24b6829230491e7,3545.703,0,585.226,0,7.69,0,1,1,1,
/AutoVegetation/grp_veg_con_s_nw_01,grp_veg_con_s_nw_01,27c6c9da37a3af2d,3330.526,0,342.977,0,308.01,0,1,1,1,
/AutoVegetation/grp_veg_con_s_nw_01,grp_veg_con_s_nw_01,2afe353603bdee0,3566.463,0,314.597,0,12.32,0,1,1,1,
/AutoVegetation/grp_veg_con_s_nw_01,grp_veg_con_s_nw_01,2c240375569a53e5,3368.822,0,321.277,0,229.48,0,1,1,1,
/AutoVegetation/grp_veg_con_s_nw_01,grp_veg_con_s_nw_01,41f2102c02d25da8,3564.988,0,564.393,0,9.63,0,1,1,1,
/AutoVegetation/grp_veg_con_s_nw_01,grp_veg_con_s_nw_01,48b9f6b81ad5e4cf,3565.855,0,518.919,0,271.82,0,1,1,1,
/AutoVegetation/grp_veg_con_s_nw_01,grp_veg_con_s_nw_01,4a7b140d3c3d9caf,3371.62,0,573.064,0,110.85,0,1,1,1,
/AutoVegetation/grp_veg_con_s_nw_01,grp_veg_con_s_nw_01,4b039a5b4b12dbee,3564.834,0,505.151,0,30.72,0,1,1,1,
/AutoVegetation/grp_veg_con_s_nw_01,grp_veg_con_s_nw_01,4d15b7f5727e6d15,3564.815,0,462.2,0,103.22,0,1,1,1,
/AutoVegetation/grp_veg_con_s_nw_01,grp_veg_con_s_nw_01,4fdda284260b6bf,3528.532,0,566.705,0,246.3,0,1,1,1,
/AutoVegetation/grp_veg_con_s_nw_01,grp_veg_con_s_nw_01,534888de00e8faa2,3318.232,0,405.58,0,142.6,0,1,1,1,
/AutoVegetation/grp_veg_con_s_nw_01,grp_veg_con_s_nw_01,56ebc63d73e1db9f,3322.192,0,557.609,0,4.84,0,1,1,1,
/AutoVegetation/grp_veg_con_s_nw_01,grp_veg_con_s_nw_01,5863b2a31186ca62,3348.711,0,575.248,0,228.26,0,1,1,1,
/AutoVegetation/grp_veg_con_s_nw_01,grp_veg_con_s_nw_01,59cb9c33858794e,3524.006,0,566.987,0,227.75,0,1,1,1,
/AutoVegetation/grp_veg_con_s_nw_01,grp_veg_con_s_nw_01,5f2674ca742d0a0b,3565.386,0,334.552,0,286.58,0,1,1,1,
/AutoVegetation/grp_veg_con_s_nw_01,grp_veg_con_s_nw_01,6303df057be52596,3458.74,0,334.087,0,304.54,0,1,1,1,
/AutoVegetation/grp_veg_con_s_nw_01,grp_veg_con_s_nw_01,64476efd22460223,3320.715,0,484.742,0,7.1,0,1,1,1,
/AutoVegetation/grp_veg_con_s_nw_01,grp_veg_con_s_nw_01,6564ccb23261211a,3511.837,0,327.354,0,18.55,0,1,1,1,
/AutoVegetation/grp_veg_con_s_nw_01,grp_veg_con_s_nw_01,69a61a496d97e4fc,3336.963,0,363.939,0,94,0,1,1,1,
/AutoVegetation/grp_veg_con_s_nw_01,grp_veg_con_s_nw_01,6ecca0036810a449,3336.314,0,398.675,0,311.27,0,1,1,1,
/AutoVegetation/grp_veg_con_s_nw_01,grp_veg_con_s_nw_01,72f7884e2ad95dd5,3582.628,0,447.298,0,16.78,0,1,1,1,
/AutoVegetation/grp_veg_con_s_nw_01,grp_veg_con_s_nw_01,76b2cd390aa62801,3524.02,0,582.256,0,45.9,0,1,1,1,
/AutoVegetation/grp_veg_con_s_nw_01,grp_veg_con_s_nw_01,7c3549541e3fd19,3337.101,0,574.136,0,202.92,0,1,1,1,
/AutoVegetation/grp_veg_con_s_nw_02,grp_veg_con_s_nw_02,1d48d6de1de58a4b,3575.192,0,336.412,0,156.48,0,1,1,1,
/AutoVegetation/grp_veg_con_s_nw_02,grp_veg_con_s_nw_02,21f567702f3843cc,3566.258,0,348.842,0,7.74,0,1,1,1,
/AutoVegetation/grp_veg_con_s_nw_02,grp_veg_con_s_nw_02,3315934369e2771e,3320.714,0,336.486,0,235.53,0,1,1,1,
/AutoVegetation/grp_veg_con_s_nw_02,grp_veg_con_s_nw_02,38c0bd9c2d1c74ac,3561.283,0,529.696,0,6.04,0,1,1,1,
/AutoVegetation/grp_veg_con_s_nw_02,grp_veg_con_s_nw_02,3c7e8ee61a102065,3406.333,0,574.543,0,290.02,0,1,1,1,
/AutoVegetation/grp_veg_con_s_nw_02,grp_veg_con_s_nw_02,47616c9c6a467087,3335.473,0,407.315,0,242.37,0,1,1,1,
/AutoVegetation/grp_veg_con_s_nw_02,grp_veg_con_s_nw_02,48ab9b6865e93450,3568.713,0,370.8,0,112.95,0,1,1,1,
/AutoVegetation/grp_veg_con_s_nw_02,grp_veg_con_s_nw_02,49f3e45878f483da,3466.027,0,329.318,0,154.46,0,1,1,1,
/AutoVegetation/grp_veg_con_s_nw_02,grp_veg_con_s_nw_02,50dda5890a678e9c,3560.238,0,572.303,0,110.87,0,1,1,1,
/AutoVegetation/grp_veg_con_s_nw_02,grp_veg_con_s_nw_02,5347592c77624c43,3582.617,0,475.615,0,273.9,0,1,1,1,
/AutoVegetation/grp_veg_con_s_nw_02,grp_veg_con_s_nw_02,56682ee30571c55f,3432.988,0,318.932,0,6.99,0,1,1,1,
/AutoVegetation/grp_veg_con_s_nw_02,grp_veg_con_s_nw_02,5933576600e0d5c3,3405.046,0,339.998,0,293.31,0,1,1,1,
/AutoVegetation/grp_veg_con_s_nw_02,grp_veg_con_s_nw_02,5f58dd5d1fe2291f,3493.277,0,341.103,0,126.66,0,1,1,1,
/AutoVegetation/grp_veg_con_s_nw_02,grp_veg_con_s_nw_02,6e71c5c02dc3c8b,3400.16,0,321.366,0,253.87,0,1,1,1,
/AutoVegetation/grp_veg_con_s_nw_02,grp_veg_con_s_nw_02,72c25b2e3f71cdb7,3490.648,0,575.484,0,292.82,0,1,1,1,
/AutoVegetation/grp_veg_con_s_nw_02,grp_veg_con_s_nw_02,7365c47551fcad56,3505.02,0,584.817,0,211.04,0,1,1,1,
/AutoVegetation/grp_veg_con_s_nw_02,grp_veg_con_s_nw_02,755a31e263075f0,3427.262,0,574.155,0,151.92,0,1,1,1,
/AutoVegetation/grp_veg_con_s_nw_03,grp_veg_con_s_nw_03,1303d3e02fee7afc,3566.28,0,498.598,0,141.66,0,1,1,1,
/AutoVegetation/grp_veg_con_s_nw_03,grp_veg_con_s_nw_03,26f21b351d680405,3511.063,0,560.617,0,125.31,0,1,1,1,
/AutoVegetation/grp_veg_con_s_nw_03,grp_veg_con_s_nw_03,2a7dec4b57fd4a92,3329.492,0,494.053,0,95.96,0,1,1,1,
/AutoVegetation/grp_veg_con_s_nw_03,grp_veg_con_s_nw_03,2f100957f72d34,3325.582,0,454.887,0,269.54,0,1,1,1,
/AutoVegetation/grp_veg_con_s_nw_03,grp_veg_con_s_nw_03,3da3d4315821a37f,3575.47,0,476.231,0,67.31,0,1,1,1,
/AutoVegetation/grp_veg_con_s_nw_03,grp_veg_con_s_nw_03,3dfe848a7117943b,3333.658,0,433.64,0,214.33,0,1,1,1,
/AutoVegetation/grp_veg_con_s_nw_03,grp_veg_con_s_nw_03,4895e83a303c811c,3573.398,0,549.43,0,312.92,0,1,1,1,
/AutoVegetation/grp_veg_con_s_nw_03,grp_veg_con_s_nw_03,4be4daa46f3fc91c,3323.348,0,432.019,0,296.67,0,1,1,1,
/AutoVegetation/grp_veg_con_s_nw_03,grp_veg_con_s_nw_03,52e9bdd854b49c5f,3335.644,0,367.97,0,331.74,0,1,1,1,
/AutoVegetation/grp_veg_con_s_nw_03,grp_veg_con_s_nw_03,5dd929ff5f4f8927,3552.638,0,323.868,0,277.82,0,1,1,1,
/AutoVegetation/grp_veg_con_s_nw_03,grp_veg_con_s_nw_03,6879e07f0988aed6,3563.315,0,403.954,0,327.3,0,1,1,1,
/AutoVegetation/grp_veg_con_s_nw_03,grp_veg_con_s_nw_03,691f374379aa2168,3574.672,0,363.253,0,325.51,0,1,1,1,
/AutoVegetation/grp_veg_con_s_nw_03,grp_veg_con_s_nw_03,76d1956f12052164,3489.033,0,561.186,0,2.22,0,1,1,1,
/AutoVegetation/grp_veg_con_s_nw_03,grp_veg_con_s_nw_03,78ae080b71baae32,3508.275,0,322.356,0,253.68,0,1,1,1,
/AutoVegetation/grp_veg_con_s_nw_04,grp_veg_con_s_nw_04,1201ddaa71ab99d3,3323.09,0,461.099,0,163.64,0,1,1,1,
/AutoVegetation/grp_veg_con_s_nw_04,grp_veg_con_s_nw_04,151fce5d5935732d,3575.253,0,368.693,0,326.66,0,1,1,1,
/AutoVegetation/grp_veg_con_s_nw_04,grp_veg_con_s_nw_04,253bd28944312940,3474.517,0,572.487,0,292.35,0,1,1,1,
/AutoVegetation/grp_veg_con_s_nw_04,grp_veg_con_s_nw_04,2d264b9d557c6d85,3477.496,0,321.188,0,308.05,0,1,1,1,
/AutoVegetation/grp_veg_con_s_nw_04,grp_veg_con_s_nw_04,30e41fb448dfcbb3,3333.735,0,563.894,0,273.29,0,1,1,1,
/AutoVegetation/grp_veg_con_s_nw_04,grp_veg_con_s_nw_04,31ab4ef42779e00d,3493.575,0,572.299,0,351.64,0,1,1,1,
/AutoVegetation/grp_veg_con_s_nw_04,grp_veg_con_s_nw_04,3bab9cde788e860d,3333.342,0,386.483,0,75.56,0,1,1,1,
/AutoVegetation/grp_veg_con_s_nw_04,grp_veg_con_s_nw_04,46a52b4b3e92e95d,3495.724,0,564.592,0,290.13,0,1,1,1,
/AutoVegetation/grp_veg_con_s_nw_04,grp_veg_con_s_nw_04,52eceff72a39acb1,3382.007,0,565.213,0,215.1,0,1,1,1,
/AutoVegetation/grp_veg_con_s_nw_04,grp_veg_con_s_nw_04,5f15b6915a3940d0,3336.381,0,502.461,0,5.94,0,1,1,1,
/AutoVegetation/grp_veg_con_s_nw_04,grp_veg_con_s_nw_04,602afc185a7ee5d3,3322.559,0,467.313,0,318.9,0,1,1,1,
/AutoVegetation/grp_veg_con_s_nw_04,grp_veg_con_s_nw_04,662f36b930035e33,3543.6,0,572.579,0,295.23,0,1,1,1,
/AutoVegetation/grp_veg_con_s_nw_04,grp_veg_con_s_nw_04,691e000654acb0d,3372.175,0,566.389,0,277.45,0,1,1,1,
/AutoVegetation/grp_veg_con_s_nw_04,grp_veg_con_s_nw_04,693d0aeb4fc4eba7,3326.598,0,374.704,0,58.02,0,1,1,1,
/AutoVegetation/grp_veg_con_s_nw_04,grp_veg_con_s_nw_04,6a6a61e7c7b56c9,3418.821,0,564.497,0,61.69,0,1,1,1,
/AutoVegetation/grp_veg_con_s_nw_04,grp_veg_con_s_nw_04,7b8ea114738f1626,3574.792,0,410.124,0,242.35,0,1,1,1,
/AutoVegetation/grp_veg_con_s_nw_04,grp_veg_con_s_nw_04,7e2aa51b4336b485,3495.105,0,584.892,0,27.13,0,1,1,1,
/AutoVegetation/grp_veg_con_s_nw_04,grp_veg_con_s_nw_04,7e5a8316b4e8223,3325.281,0,424.941,0,54.63,0,1,1,1,
/AutoVegetation/grp_veg_uni_m_nw_01,grp_veg_uni_m_nw_01,11c2238c1c464bd5,3340.609,0,326.071,0,142.42,0,1,1,1,
/AutoVegetation/grp_veg_uni_m_nw_01,grp_veg_uni_m_nw_01,12d560971813366f,3481.587,0,321.744,0,55.45,0,1,1,1,
/AutoVegetation/grp_veg_uni_m_nw_01,grp_veg_uni_m_nw_01,1308324e76588e48,3443.113,0,339.242,0,130.1,0,1,1,1,
/AutoVegetation/grp_veg_uni_m_nw_01,grp_veg_uni_m_nw_01,14680f9d1632bcfc,3323.602,0,568.856,0,190.64,0,1,1,1,
/AutoVegetation/grp_veg_uni_m_nw_01,grp_veg_uni_m_nw_01,152d14d245f17c1a,3413.467,0,331.856,0,230.86,0,1,1,1,
/AutoVegetation/grp_veg_uni_m_nw_01,grp_veg_uni_m_nw_01,198c962023b71be7,3368.827,0,316.938,0,73.25,0,1,1,1,
/AutoVegetation/grp_veg_uni_m_nw_01,grp_veg_uni_m_nw_01,1c8e63791734cd86,3569.699,0,438.644,0,132.82,0,1,1,1,
/AutoVegetation/grp_veg_uni_m_nw_01,grp_veg_uni_m_nw_01,253a4dfb0dc6e85f,3411.984,0,587.991,0,265.88,0,1,1,1,
/AutoVegetation/grp_veg_uni_m_nw_01,grp_veg_uni_m_nw_01,25d0a18f488d764e,3559.186,0,330.209,0,105.38,0,1,1,1,
/AutoVegetation/grp_veg_uni_m_nw_01,grp_veg_uni_m_nw_01,26ccc31f4efd67e5,3330.979,0,411.552,0,5.67,0,1,1,1,
/AutoVegetation/grp_veg_uni_m_nw_01,grp_veg_uni_m_nw_01,289118c7351e6bf9,3388.908,0,579.125,0,290.62,0,1,1,1,
/AutoVegetation/grp_veg_uni_m_nw_01,grp_veg_uni_m_nw_01,2b1d70e6190f4f42,3570.094,0,467.499,0,205.18,0,1,1,1,
/AutoVegetation/grp_veg_uni_m_nw_01,grp_veg_uni_m_nw_01,2c7bc28447f35c27,3379.343,0,568.263,0,117.91,0,1,1,1,
/AutoVegetation/grp_veg_uni_m_nw_01,grp_veg_uni_m_nw_01,2d32c1aa4a34ca24,3466.107,0,339.645,0,203.69,0,1,1,1,
/AutoVegetation/grp_veg_uni_m_nw_01,grp_veg_uni_m_nw_01,2d92cb1e2b6d81b9,3432.34,0,332.017,0,117.92,0,1,1,1,
/AutoVegetation/grp_veg_uni_m_nw_01,grp_veg_uni_m_nw_01,421bddfb52939f7d,3490.618,0,580.213,0,231.63,0,1,1,1,
/AutoVegetation/grp_veg_uni_m_nw_01,grp_veg_uni_m_nw_01,4914ea7004dd777a,3476.272,0,328.725,0,334.65,0,1,1,1,
/AutoVegetation/grp_veg_uni_m_nw_01,grp_veg_uni_m_nw_01,4a06d5ff3ba5511d,3537.778,0,322.394,0,319.5,0,1,1,1,
/AutoVegetation/grp_veg_uni_m_nw_01,grp_veg_uni_m_nw_01,4a420c7774537ad4,3317.31,0,551.838,0,112.57,0,1,1,1,
/AutoVegetation/grp_veg_uni_m_nw_01,grp_veg_uni_m_nw_01,52704e6e0dbd73dd,3582.596,0,432.687,0,26.98,0,1,1,1,
/AutoVegetation/grp_veg_uni_m_nw_01,grp_veg_uni_m_nw_01,54b1b8582ccf0eac,3431.59,0,582.71,0,77.85,0,1,1,1,
/AutoVegetation/grp_veg_uni_m_nw_01,grp_veg_uni_m_nw_01,5c5fbe583ef86392,3580.819,0,583.226,0,37.23,0,1,1,1,
/AutoVegetation/grp_veg_uni_m_nw_01,grp_veg_uni_m_nw_01,5fa21a88671a11de,3440.4,0,332.984,0,15.18,0,1,1,1,
/AutoVegetation/grp_veg_uni_m_nw_01,grp_veg_uni_m_nw_01,6197961979e01d45,3513.073,0,581.799,0,320.16,0,1,1,1,
/AutoVegetation/grp_veg_uni_m_nw_01,grp_veg_uni_m_nw_01,66827656653951a5,3579.709,0,567.853,0,211.98,0,1,1,1,
/AutoVegetation/grp_veg_uni_m_nw_01,grp_veg_uni_m_nw_01,674678d145df63b2,3449.208,0,567.749,0,321.38,0,1,1,1,
/AutoVegetation/grp_veg_uni_m_nw_01,grp_veg_uni_m_nw_01,7b2f7d5100da0bc9,3369.121,0,337.725,0,274.53,0,1,1,1,
/AutoVegetation/grp_veg_uni_m_nw_01,grp_veg_uni_m_nw_01,ad957d15847d17,3580.529,0,482.01,0,358.81,0,1,1,1,
/AutoVegetation/grp_veg_uni_m_nw_02,grp_veg_uni_m_nw_02,106332a32e82befd,3580.758,0,352.904,0,10.87,0,1,1,1,
/AutoVegetation/grp_veg_uni_m_nw_02,grp_veg_uni_m_nw_02,10d068277a6b8e3e,3337.175,0,558.727,0,228.67,0,1,1,1,
/AutoVegetation/grp_veg_uni_m_nw_02,grp_veg_uni_m_nw_02,13639f10703ca60f,3581.695,0,341.719,0,298.1,0,1,1,1,
/AutoVegetation/grp_veg_uni_m_nw_02,grp_veg_uni_m_nw_02,18b778de27a3616a,3569.085,0,540.513,0,333.78,0,1,1,1,
/AutoVegetation/grp_veg_uni_m_nw_02,grp_veg_uni_m_nw_02,1a790aec56d37d64,3572.081,0,511.747,0,237.83,0,1,1,1,
/AutoVegetation/grp_veg_uni_m_nw_02,grp_veg_uni_m_nw_02,264c3a123fa7e6ce,3379.661,0,336.339,0,347.1,0,1,1,1,
/AutoVegetation/grp_veg_uni_m_nw_02,grp_veg_uni_m_nw_02,26c44f40564cc6c7,3332.971,0,472.653,0,131.46,0,1,1,1,
/AutoVegetation/grp_veg_uni_m_nw_02,grp_veg_uni_m_nw_02,28ef7b347e348752,3329.233,0,336.175,0,314.93,0,1,1,1,
/AutoVegetation/grp_veg_uni_m_nw_02,grp_veg_uni_m_nw_02,2abdf89746419cb1,3320.605,0,513.183,0,310.27,0,1,1,1,
/AutoVegetation/grp_veg_uni_m_nw_02,grp_veg_uni_m_nw_02,2e8e878f0a7787e5,3351.817,0,571.718,0,135.2,0,1,1,1,
/AutoVegetation/grp_veg_uni_m_nw_02,grp_veg_uni_m_nw_02,32c5d53852d8152b,3470.897,0,563.171,0,35.43,0,1,1,1,
/AutoVegetation/grp_veg_uni_m_nw_02,grp_veg_uni_m_nw_02,34af5c9d259b6415,3318.152,0,479.23,0,194.46,0,1,1,1,
/AutoVegetation/grp_veg_uni_m_nw_02,grp_veg_uni_m_nw_02,3541788f0de8bce5,3320.959,0,579.948,0,291.98,0,1,1,1,
/AutoVegetation/grp_veg_uni_m_nw_02,grp_veg_uni_m_nw_02,38bd814a5ac6b23d,3456.634,0,328.212,0,279.78,0,1,1,1,
/AutoVegetation/grp_veg_uni_m_nw_02,grp_veg_uni_m_nw_02,43243b2716af8fc6,3579.519,0,379.985,0,200.91,0,1,1,1,
/AutoVegetation/grp_veg_uni_m_nw_02,grp_veg_uni_m_nw_02,47bc2dbb301d6f53,3397.622,0,316.804,0,244.77,0,1,1,1,
/AutoVegetation/grp_veg_uni_m_nw_02,grp_veg_uni_m_nw_02,4c8d68e020050255,3426.32,0,319.899,0,106.54,0,1,1,1,
/AutoVegetation/grp_veg_uni_m_nw_02,grp_veg_uni_m_nw_02,4d50d6574117f9cb,3381.272,0,586.481,0,189.05,0,1,1,1,
/AutoVegetation/grp_veg_uni_m_nw_02,grp_veg_uni_m_nw_02,4efc464d737d0899,3580.439,0,403.215,0,331.06,0,1,1,1,
/AutoVegetation/grp_veg_uni_m_nw_02,grp_veg_uni_m_nw_02,54c8928110e817c3,3449.056,0,332.001,0,148.1,0,1,1,1,
/AutoVegetation/grp_veg_uni_m_nw_02,grp_veg_uni_m_nw_02,54fd9faa553781ae,3569.719,0,321.881,0,198.67,0,1,1,1,
/AutoVegetation/grp_veg_uni_m_nw_02,grp_veg_uni_m_nw_02,56b5d8320f88378c,3570.188,0,400.018,0,312.3,0,1,1,1,
/AutoVegetation/grp_veg_uni_m_nw_02,grp_veg_uni_m_nw_02,5e1bc2633ac1904b,3542.266,0,337.436,0,197.4,0,1,1,1,
/AutoVegetation/grp_veg_uni_m_nw_02,grp_veg_uni_m_nw_02,5fcb9e584c7290d4,3422.461,0,577.686,0,228.48,0,1,1,1,
/AutoVegetation/grp_veg_uni_m_nw_02,grp_veg_uni_m_nw_02,62011a7770332596,3581.942,0,517.775,0,262.36,0,1,1,1,
/AutoVegetation/grp_veg_uni_m_nw_02,grp_veg_uni_m_nw_02,62836ad8706a5898,3330.037,0,570.112,0,39.32,0,1,1,1,
/AutoVegetation/grp_veg_uni_m_nw_02,grp_veg_uni_m_nw_02,6776ffc4606c5749,3381.775,0,579.877,0,30.14,0,1,1,1,
/AutoVegetation/grp_veg_uni_m_nw_02,grp_veg_uni_m_nw_02,6bc549fd41790814,3566.528,0,360.685,0,183.09,0,1,1,1,
/AutoVegetation/grp_veg_uni_m_nw_02,grp_veg_uni_m_nw_02,6dfc2fd6575dd6c8,3360.502,0,581.754,0,7.04,0,1,1,1,
/AutoVegetation/grp_veg_uni_m_nw_02,grp_veg_uni_m_nw_02,6e0ff0ae3e032142,3388.972,0,567.423,0,254.36,0,1,1,1,
/AutoVegetation/grp_veg_uni_m_nw_02,grp_veg_uni_m_nw_02,6eb2028f5730b0c6,3461.19,0,568.832,0,223.92,0,1,1,1,
/AutoVegetation/grp_veg_uni_m_nw_02,grp_veg_uni_m_nw_02,6fe2cca65b882b86,3320.2,0,446.051,0,181.66,0,1,1,1,
/AutoVegetation/grp_veg_uni_m_nw_02,grp_veg_uni_m_nw_02,710628083c13011b,3568.068,0,447.505,0,93.23,0,1,1,1,
/AutoVegetation/grp_veg_uni_m_nw_02,grp_veg_uni_m_nw_02,74f8c83071e58e77,3499.201,0,570.881,0,319.49,0,1,1,1,
/AutoVegetation/grp_veg_uni_m_nw_02,grp_veg_uni_m_nw_02,755b30397cc8f1fc,3322.248,0,489.502,0,353.39,0,1,1,1,
/AutoVegetation/grp_veg_uni_m_nw_02,grp_veg_uni_m_nw_02,75b0008a09cd7e9a,3372.142,0,581.376,0,152.79,0,1,1,1,
/AutoVegetation/grp_veg_uni_m_nw_02,grp_veg_uni_m_nw_02,76012ebf2a97f56f,3399.712,0,330.115,0,272.92,0,1,1,1,
/AutoVegetation/grp_veg_uni_m_nw_02,grp_veg_uni_m_nw_02,7a6bfcc86ad8d84f,3568.392,0,392.752,0,268.53,0,1,1,1,
/AutoVegetation/grp_veg_uni_m_nw_02,grp_veg_uni_m_nw_02,7a9577d34720c8e,3329.97,0,486.318,0,164.38,0,1,1,1,
/AutoVegetation/grp_veg_uni_m_nw_02,grp_veg_uni_m_nw_02,7b69a5ee286fd067,3567.539,0,431.089,0,203.54,0,1,1,1,
/AutoVegetation/grp_veg_uni_m_nw_02,grp_veg_uni_m_nw_02,8d9934d60ff9411,3410.863,0,578.474,0,154.65,0,1,1,1,
/AutoVegetation/grp_veg_uni_m_nw_02,grp_veg_uni_m_nw_02,98b487444bf587e,3508.607,0,570.281,0,133.82,0,1,1,1,
/AutoVegetation/grp_veg_uni_m_nw_02,grp_veg_uni_m_nw_02,bab0abd1ddefd30,3580.84,0,513.679,0,166.14,0,1,1,1,
/AutoVegetation/grp_veg_uni_m_nw_02,grp_veg_uni_m_nw_02,c50c61c5482ff57,3572.962,0,579.718,0,356.67,0,1,1,1,
/AutoVegetation/grp_veg_uni_m_nw_02,grp_veg_uni_m_nw_02,ce3eb3708c494f4,3331.036,0,500.396,0,38.4,0,1,1,1,
/AutoVegetation/grp_veg_uni_m_nw_02,grp_veg_uni_m_nw_02,d6c1c8139e7d287,3317.954,0,412.656,0,307.7,0,1,1,1,
/AutoVegetation/grp_veg_uni_m_nw_02,grp_veg_uni_m_nw_02,dfe6ee676abfed,3440.229,0,566.115,0,203.84,0,1,1,1,
/AutoVegetation/grp_veg_uni_m_nw_03,grp_veg_uni_m_nw_03,1572087b775d568a,3487.045,0,568.205,0,63.81,0,1,1,1,
/AutoVegetation/grp_veg_uni_m_nw_03,grp_veg_uni_m_nw_03,18089bc023ab995b,3527.821,0,330.44,0,167.45,0,1,1,1,
/AutoVegetation/grp_veg_uni_m_nw_03,grp_veg_uni_m_nw_03,1a6e990c4ff80fd3,3350.758,0,333.479,0,340.96,0,1,1,1,
/AutoVegetation/grp_veg_uni_m_nw_03,grp_veg_uni_m_nw_03,1de4af32914dfc7,3520.329,0,321.8,0,330.27,0,1,1,1,
/AutoVegetation/grp_veg_uni_m_nw_03,grp_veg_uni_m_nw_03,1f83110b220fc899,3446.872,0,577.809,0,230.64,0,1,1,1,
/AutoVegetation/grp_veg_uni_m_nw_03,grp_veg_uni_m_nw_03,22bf4fc7c2a6236,3402.234,0,579.818,0,55.08,0,1,1,1,
/AutoVegetation/grp_veg_uni_m_nw_03,grp_veg_uni_m_nw_03,2318a49e11d4b582,3563.518,0,420.618,0,230.06,0,1,1,1,
/AutoVegetation/grp_veg_uni_m_nw_03,grp_veg_uni_m_nw_03,23310f136cd3e762,3350.974,0,580.293,0,299.97,0,1,1,1,
/AutoVegetation/grp_veg_uni_m_nw_03,grp_veg_uni_m_nw_03,24f380c07e092e25,3422.528,0,561.966,0,120.57,0,1,1,1,
/AutoVegetation/grp_veg_uni_m_nw_03,grp_veg_uni_m_nw_03,265c52a75ed01e54,3550.306,0,572.853,0,128.87,0,1,1,1,
/AutoVegetation/grp_veg_uni_m_nw_03,grp_veg_uni_m_nw_03,29a2090c1a7d7675,3582.372,0,317.379,0,289.74,0,1,1,1,
/AutoVegetation/grp_veg_uni_m_nw_03,grp_veg_uni_m_nw_03,2f7faf043fc2070,3318.207,0,468.654,0,283.42,0,1,1,1,
/AutoVegetation/grp_veg_uni_m_nw_03,grp_veg_uni_m_nw_03,358544000583a8f7,3327.015,0,360.07,0,2.04,0,1,1,1,
/AutoVegetation/grp_veg_uni_m_nw_03,grp_veg_uni_m_nw_03,405b23153bb0a098,3342.522,0,321.891,0,59.73,0,1,1,1,
/AutoVegetation/grp_veg_uni_m_nw_03,grp_veg_uni_m_nw_03,425f6dcf70906223,3580.301,0,421.899,0,234.59,0,1,1,1,
/AutoVegetation/grp_veg_uni_m_nw_03,grp_veg_uni_m_nw_03,426b6dc771c1ac93,3319.946,0,539.584,0,172.69,0,1,1,1,
/AutoVegetation/grp_veg_uni_m_nw_03,grp_veg_uni_m_nw_03,4bdd06af0af4f2e6,3521.786,0,571.012,0,21.4,0,1,1,1,
/AutoVegetation/grp_veg_uni_m_nw_03,grp_veg_uni_m_nw_03,4c319b2e713de6ad,3557.794,0,581.171,0,179.63,0,1,1,1,
/AutoVegetation/grp_veg_uni_m_nw_03,grp_veg_uni_m_nw_03,4ea0f036505fd7bf,3328.547,0,527.365,0,9.85,0,1,1,1,
/AutoVegetation/grp_veg_uni_m_nw_03,grp_veg_uni_m_nw_03,4fc8cd5b6d1f4c00,3327.944,0,350.801,0,148.33,0,1,1,1,
/AutoVegetation/grp_veg_uni_m_nw_03,grp_veg_uni_m_nw_03,50ad618e74c2b3f5,3563.022,0,568.687,0,55.36,0,1,1,1,
/AutoVegetation/grp_veg_uni_m_nw_03,grp_veg_uni_m_nw_03,50da879030ad4a37,3390.872,0,586.298,0,256.45,0,1,1,1,
/AutoVegetation/grp_veg_uni_m_nw_03,grp_veg_uni_m_nw_03,5f2e7a444e4b0eac,3360.938,0,323.804,0,47.96,0,1,1,1,
/AutoVegetation/grp_veg_uni_m_nw_03,grp_veg_uni_m_nw_03,624fe71029da1818,3577.281,0,551.309,0,214.18,0,1,1,1,
/AutoVegetation/grp_veg_uni_m_nw_03,grp_veg_uni_m_nw_03,663b01762f711611,3418.809,0,317.746,0,180.16,0,1,1,1,
/AutoVegetation/grp_veg_uni_m_nw_03,grp_veg_uni_m_nw_03,67c3e3d21cb76111,3519.002,0,580.522,0,216.61,0,1,1,1,
/AutoVegetation/grp_veg_uni_m_nw_03,grp_veg_uni_m_nw_03,6e712d6249708b94,3488.53,0,326.751,0,129.7,0,1,1,1,
/AutoVegetation/grp_veg_uni_m_nw_03,grp_veg_uni_m_nw_03,7b5417a2087269e3,3336.305,0,588.739,0,208.97,0,1,1,1,
/AutoVegetation/grp_veg_uni_m_nw_03,grp_veg_uni_m_nw_03,7bdc373f7f46f7a2,3552.59,0,330.706,0,178.12,0,1,1,1,
/AutoVegetation/grp_veg_uni_m_nw_03,grp_veg_uni_m_nw_03,7d5f5f48006582b4,3572.662,0,352.067,0,158.53,0,1,1,1,
/AutoVegetation/grp_veg_uni_m_nw_03,grp_veg_uni_m_nw_03,d9013871a0dbe50,3567.807,0,552.749,0,188.78,0,1,1,1,
/AutoVegetation/grp_veg_uni_m_nw_03,grp_veg_uni_m_nw_03,f1d29fd1aa30e93,3571.21,0,503.301,0,142.5,0,1,1,1,
/AutoVegetation/grp_veg_uni_m_nw_04,grp_veg_uni_m_nw_04,1348a8b72433efdc,3579.583,0,362.478,0,269.52,0,1,1,1,
/AutoVegetation/grp_veg_uni_m_nw_04,grp_veg_uni_m_nw_04,156c7acb3c3e9389,3326.421,0,560.523,0,129.11,0,1,1,1,
/AutoVegetation/grp_veg_uni_m_nw_04,grp_veg_uni_m_nw_04,163c387367bd747d,3317.657,0,340.171,0,324.09,0,1,1,1,
/AutoVegetation/grp_veg_uni_m_nw_04,grp_veg_uni_m_nw_04,183e88ec5c45f3b9,3562.359,0,438.186,0,143.61,0,1,1,1,
/AutoVegetation/grp_veg_uni_m_nw_04,grp_veg_uni_m_nw_04,1e43fbff5e10edb7,3358.492,0,588.599,0,96.73,0,1,1,1,
/AutoVegetation/grp_veg_uni_m_nw_04,grp_veg_uni_m_nw_04,20aab3bf01795fb1,3387.084,0,332.172,0,131.59,0,1,1,1,
/AutoVegetation/grp_veg_uni_m_nw_04,grp_veg_uni_m_nw_04,2142078c1ecf6881,3440.094,0,317.947,0,234.57,0,1,1,1,
/AutoVegetation/grp_veg_uni_m_nw_04,grp_veg_uni_m_nw_04,22cf7ba65e308ae,3539.187,0,582.302,0,164.1,0,1,1,1,
/AutoVegetation/grp_veg_uni_m_nw_04,grp_veg_uni_m_nw_04,26bf3c7522d364a,3476.253,0,581.044,0,113.47,0,1,1,1,
/AutoVegetation/grp_veg_uni_m_nw_04,grp_veg_uni_m_nw_04,26c37a7c53f0d269,3440.08,0,562.87,0,211.12,0,1,1,1,
/AutoVegetation/grp_veg_uni_m_nw_04,grp_veg_uni_m_nw_04,28c701d1577c3309,3317.328,0,562.809,0,81.29,0,1,1,1,
/AutoVegetation/grp_veg_uni_m_nw_04,grp_veg_uni_m_nw_04,2e1d1e8c1a0fe582,3318.343,0,587.118,0,57.92,0,1,1,1,
/AutoVegetation/grp_veg_uni_m_nw_04,grp_veg_uni_m_nw_04,3067f65e7f7f8a57,3578.981,0,469.214,0,35.72,0,1,1,1,
/AutoVegetation/grp_veg_uni_m_nw_04,grp_veg_uni_m_nw_04,32b34b156407a952,3342.116,0,570.947,0,346.95,0,1,1,1,
/AutoVegetation/grp_veg_uni_m_nw_04,grp_veg_uni_m_nw_04,32ddd6b5c743e59,3331.229,0,441.09,0,346.41,0,1,1,1,
/AutoVegetation/grp_veg_uni_m_nw_04,grp_veg_uni_m_nw_04,399161ed3de9fa11,3579.983,0,562.739,0,19.21,0,1,1,1,
/AutoVegetation/grp_veg_uni_m_nw_04,grp_veg_uni_m_nw_04,3a8ab2d375d5a2b7,3318.583,0,369.838,0,283.79,0,1,1,1,
/AutoVegetation/grp_veg_uni_m_nw_04,grp_veg_uni_m_nw_04,400d69824af84aad,3518.378,0,331.583,0,115.95,0,1,1,1,
/AutoVegetation/grp_veg_uni_m_nw_04,grp_veg_uni_m_nw_04,41c9825d51618fdb,3329.017,0,458.03,0,284.06,0,1,1,1,
/AutoVegetation/grp_veg_uni_m_nw_04,grp_veg_uni_m_nw_04,4413e026d402b2c,3422.11,0,328.65,0,275.55,0,1,1,1,
/AutoVegetation/grp_veg_uni_m_nw_04,grp_veg_uni_m_nw_04,4423f800010ebe93,3320.759,0,498.895,0,97.46,0,1,1,1,
/AutoVegetation/grp_veg_uni_m_nw_04,grp_veg_uni_m_nw_04,44d30a9d20b4c538,3563.245,0,341.046,0,265.74,0,1,1,1,
/AutoVegetation/grp_veg_uni_m_nw_04,grp_veg_uni_m_nw_04,496aa4e07dfbf0fe,3572.133,0,328.328,0,327.44,0,1,1,1,
/AutoVegetation/grp_veg_uni_m_nw_04,grp_veg_uni_m_nw_04,4d28c9bc688aced7,3578.088,0,461.853,0,58.59,0,1,1,1,
/AutoVegetation/grp_veg_uni_m_nw_04,grp_veg_uni_m_nw_04,5482618006f692ba,3407.501,0,321.655,0,346.48,0,1,1,1,
/AutoVegetation/grp_veg_uni_m_nw_04,grp_veg_uni_m_nw_04,56d04b67d8dbf54,3567.851,0,409.424,0,319.36,0,1,1,1,
/AutoVegetation/grp_veg_uni_m_nw_04,grp_veg_uni_m_nw_04,5a178453ebd523d,3481.635,0,562.973,0,253.05,0,1,1,1,
/AutoVegetation/grp_veg_uni_m_nw_04,grp_veg_uni_m_nw_04,5c2f37ca2a6cd573,3487.836,0,339.45,0,211.4,0,1,1,1,
/AutoVegetation/grp_veg_uni_m_nw_04,grp_veg_uni_m_nw_04,607c5c6268ee6a1d,3481.837,0,570.936,0,92.61,0,1,1,1,
/AutoVegetation/grp_veg_uni_m_nw_04,grp_veg_uni_m_nw_04,60f1446c2ba8a508,3422.037,0,570.196,0,76.96,0,1,1,1,
/AutoVegetation/grp_veg_uni_m_nw_04,grp_veg_uni_m_nw_04,6327c2647b18aaea,3338.373,0,579.686,0,154.05,0,1,1,1,
/AutoVegetation/grp_veg_uni_m_nw_04,grp_veg_uni_m_nw_04,63ee02091e128a1b,3466.2,0,320.376,0,179.08,0,1,1,1,
/AutoVegetation/grp_veg_uni_m_nw_04,grp_veg_uni_m_nw_04,6966772456c387f,3497.523,0,580.539,0,197.88,0,1,1,1,
/AutoVegetation/grp_veg_uni_m_nw_04,grp_veg_uni_m_nw_04,6acfa15935a693cc,3330.564,0,366.769,0,105.62,0,1,1,1,
/AutoVegetation/grp_veg_uni_m_nw_04,grp_veg_uni_m_nw_04,6d10c59078bbd231,3492.288,0,322.91,0,40.53,0,1,1,1,
/AutoVegetation/grp_veg_uni_m_nw_04,grp_veg_uni_m_nw_04,6df957c950ca79bb,3510.23,0,331.964,0,15.54,0,1,1,1,
/AutoVegetation/grp_veg_uni_m_nw_04,grp_veg_uni_m_nw_04,70850da912b9b7c2,3318.796,0,433.703,0,16.94,0,1,1,1,
/AutoVegetation/grp_veg_uni_m_nw_04,grp_veg_uni_m_nw_04,743615837eb85547,3369.309,0,327.339,0,302.02,0,1,1,1,
/AutoVegetation/grp_veg_uni_m_nw_04,grp_veg_uni_m_nw_04,754652085e7edf0d,3561.856,0,479.617,0,318.97,0,1,1,1,
/AutoVegetation/grp_veg_uni_m_nw_04,grp_veg_uni_m_nw_04,779e2d6645b6e434,3568.619,0,561.841,0,98.24,0,1,1,1,
/AutoVegetation/grp_veg_uni_m_nw_04,grp_veg_uni_m_nw_04,780705b86f589e09,3427.565,0,338.34,0,358.95,0,1,1,1,
/AutoVegetation/grp_veg_uni_m_nw_04,grp_veg_uni_m_nw_04,79b3538451965cc6,3570.909,0,476.21,0,12.85,0,1,1,1,
/AutoVegetation/grp_veg_uni_m_nw_04,grp_veg_uni_m_nw_04,aeada140325f5ab,3538.987,0,329.285,0,141.67,0,1,1,1,
/AutoVegetation/grp_veg_uni_m_nw_04,grp_veg_uni_m_nw_04,bf5924027866744,3469.269,0,326.949,0,155.08,0,1,1,1,
/AutoVegetation/grp_veg_uni_m_nw_04,grp_veg_uni_m_nw_04,e58a6dd5cae3266,3358.463,0,570.622,0,331.26,0,1,1,1,
/AutoVegetation/grp_veg_uni_m_nw_05,grp_veg_uni_m_nw_05,11106c957315ca77,3328.575,0,392.312,0,15.57,0,1,1,1,
/AutoVegetation/grp_veg_uni_m_nw_05,grp_veg_uni_m_nw_05,1323834778af7f85,3327.893,0,430.663,0,161.04,0,1,1,1,
/AutoVegetation/grp_veg_uni_m_nw_05,grp_veg_uni_m_nw_05,1426486f1f20dc89,3321.333,0,350.692,0,74.05,0,1,1,1,
/AutoVegetation/grp_veg_uni_m_nw_05,grp_veg_uni_m_nw_05,143cd2965442687b,3582.604,0,502.446,0,29.47,0,1,1,1,
/AutoVegetation/grp_veg_uni_m_nw_05,grp_veg_uni_m_nw_05,150be083605b22e5,3509.222,0,336.498,0,287.62,0,1,1,1,
/AutoVegetation/grp_veg_uni_m_nw_05,grp_veg_uni_m_nw_05,15120bb37dd3a08,3319.462,0,416.706,0,61.95,0,1,1,1,
/AutoVegetation/grp_veg_uni_m_nw_05,grp_veg_uni_m_nw_05,15ee03041a0c4e0a,3580.644,0,536.564,0,110.26,0,1,1,1,
/AutoVegetation/grp_veg_uni_m_nw_05,grp_veg_uni_m_nw_05,1a09a2d064e226fb,3323.34,0,397.846,0,216.03,0,1,1,1,
/AutoVegetation/grp_veg_uni_m_nw_05,grp_veg_uni_m_nw_05,1d113a1a7e82a5c0,3570.486,0,367.14,0,157.3,0,1,1,1,
/AutoVegetation/grp_veg_uni_m_nw_05,grp_veg_uni_m_nw_05,1d5e878845967bd2,3326.828,0,450.984,0,315.91,0,1,1,1,
/AutoVegetation/grp_veg_uni_m_nw_05,grp_veg_uni_m_nw_05,261433476cd3fe85,3578.227,0,531.381,0,209.78,0,1,1,1,
/AutoVegetation/grp_veg_uni_m_nw_05,grp_veg_uni_m_nw_05,26d8642f2f04b557,3331.35,0,548.345,0,209.14,0,1,1,1,
/AutoVegetation/grp_veg_uni_m_nw_05,grp_veg_uni_m_nw_05,2893e66e467b554e,3546.407,0,319.674,0,197.51,0,1,1,1,
/AutoVegetation/grp_veg_uni_m_nw_05,grp_veg_uni_m_nw_05,2b554b85a7c028e,3511.054,0,317.406,0,232.45,0,1,1,1,
/AutoVegetation/grp_veg_uni_m_nw_05,grp_veg_uni_m_nw_05,33345321615775f2,3570.955,0,339.621,0,298.69,0,1,1,1,
/AutoVegetation/grp_veg_uni_m_nw_05,grp_veg_uni_m_nw_05,34f610ae0c3b1c33,3516.637,0,338.413,0,86.58,0,1,1,1,
/AutoVegetation/grp_veg_uni_m_nw_05,grp_veg_uni_m_nw_05,376687f0048b2843,3471.527,0,567.281,0,257.44,0,1,1,1,
/AutoVegetation/grp_veg_uni_m_nw_05,grp_veg_uni_m_nw_05,3ee818d239f050ba,3566.291,0,489.829,0,82.16,0,1,1,1,
/AutoVegetation/grp_veg_uni_m_nw_05,grp_veg_uni_m_nw_05,4062e7cc7f20ef97,3528.15,0,320.232,0,38.99,0,1,1,1,
/AutoVegetation/grp_veg_uni_m_nw_05,grp_veg_uni_m_nw_05,462605e9747f2fe6,3526.69,0,578.072,0,279.54,0,1,1,1,
/AutoVegetation/grp_veg_uni_m_nw_05,grp_veg_uni_m_nw_05,4ea36f4a4e85ee61,3566.646,0,530.831,0,342.07,0,1,1,1,
/AutoVegetation/grp_veg_uni_m_nw_05,grp_veg_uni_m_nw_05,4f9053225bb46dfc,3572.781,0,460.153,0,201.06,0,1,1,1,
/AutoVegetation/grp_veg_uni_m_nw_05,grp_veg_uni_m_nw_05,51b319344623fa1,3431.488,0,572.189,0,197.56,0,1,1,1,
/AutoVegetation/grp_veg_uni_m_nw_05,grp_veg_uni_m_nw_05,576783ba1264dbc1,3411.334,0,569.374,0,5.08,0,1,1,1,
/AutoVegetation/grp_veg_uni_m_nw_05,grp_veg_uni_m_nw_05,591b30fb409cfbc0,3330.497,0,400.153,0,124.73,0,1,1,1,
/AutoVegetation/grp_veg_uni_m_nw_05,grp_veg_uni_m_nw_05,5c1b3dd2589ab354,3571.7,0,522.176,0,293.22,0,1,1,1,
/AutoVegetation/grp_veg_uni_m_nw_05,grp_veg_uni_m_nw_05,647902f005ed7a5e,3321.901,0,440.584,0,144.6,0,1,1,1,
/AutoVegetation/grp_veg_uni_m_nw_05,grp_veg_uni_m_nw_05,6493309e60354777,3469.882,0,583.036,0,267.34,0,1,1,1,
/AutoVegetation/grp_veg_uni_m_nw_05,grp_veg_uni_m_nw_05,6987b7945933328c,3576.331,0,451.075,0,34.35,0,1,1,1,
/AutoVegetation/grp_veg_uni_m_nw_05,grp_veg_uni_m_nw_05,710ca89d3e5534d3,3572.467,0,421.356,0,17.38,0,1,1,1,
/AutoVegetation/grp_veg_uni_m_nw_05,grp_veg_uni_m_nw_05,73ff1ea1b923c0a,3323.789,0,360.728,0,225.15,0,1,1,1,
/AutoVegetation/grp_veg_uni_m_nw_05,grp_veg_uni_m_nw_05,7f469905fa59534,3328.955,0,511.879,0,191.52,0,1,1,1,
/AutoVegetation/grp_veg_uni_m_nw_05,grp_veg_uni_m_nw_05,b6a1a5f6b8aa9c6,3328.148,0,378.528,0,246.09,0,1,1,1,
/AutoVegetation/grp_veg_uni_m_nw_06,grp_veg_uni_m_nw_06,110c44075f09bb5c,3362.494,0,330.977,0,174.28,0,1,1,1,
/AutoVegetation/grp_veg_uni_m_nw_06,grp_veg_uni_m_nw_06,1236a7016457997a,3452.573,0,337.273,0,100.84,0,1,1,1,
/AutoVegetation/grp_veg_uni_m_nw_06,grp_veg_uni_m_nw_06,1364e5f96095a4a6,3479.961,0,336.745,0,344.87,0,1,1,1,
/AutoVegetation/grp_veg_uni_m_nw_06,grp_veg_uni_m_nw_06,18614e6e3c531a44,3501.242,0,328.405,0,335.76,0,1,1,1,
/AutoVegetation/grp_veg_uni_m_nw_06,grp_veg_uni_m_nw_06,1af05a817fbb7b55,3496.197,0,318.952,0,92.52,0,1,1,1,
/AutoVegetation/grp_veg_uni_m_nw_06,grp_veg_uni_m_nw_06,1ff7f7a40e7cbb18,3569.444,0,568.462,0,168.48,0,1,1,1,
/AutoVegetation/grp_veg_uni_m_nw_06,grp_veg_uni_m_nw_06,20fa26f14e0f94f,3583.454,0,410.02,0,261.29,0,1,1,1,
/AutoVegetation/grp_veg_uni_m_nw_06,grp_veg_uni_m_nw_06,2353c7a133801456,3381.09,0,321.817,0,35.88,0,1,1,1,
/AutoVegetation/grp_veg_uni_m_nw_06,grp_veg_uni_m_nw_06,2483d5ef4b6ac3f3,3317.593,0,522.121,0,143.62,0,1,1,1,
/AutoVegetation/grp_veg_uni_m_nw_06,grp_veg_uni_m_nw_06,25beec907724bd2c,3396.549,0,571.011,0,213.55,0,1,1,1,
/AutoVegetation/grp_veg_uni_m_nw_06,grp_veg_uni_m_nw_06,2a85936c520dfdcf,3570.825,0,382.452,0,189.56,0,1,1,1,
/AutoVegetation/grp_veg_uni_m_nw_06,grp_veg_uni_m_nw_06,313249223f6bd3a0,3561.92,0,320.139,0,118.09,0,1,1,1,
/AutoVegetation/grp_veg_uni_m_nw_06,grp_veg_uni_m_nw_06,371992621997908c,3319.884,0,457.826,0,43.24,0,1,1,1,
/AutoVegetation/grp_veg_uni_m_nw_06,grp_veg_uni_m_nw_06,3b5b92572a0eb253,3332.301,0,538.885,0,314.58,0,1,1,1,
/AutoVegetation/grp_veg_uni_m_nw_06,grp_veg_uni_m_nw_06,3be030aa77fe7eeb,3348.681,0,320.684,0,253.66,0,1,1,1,
/AutoVegetation/grp_veg_uni_m_nw_06,grp_veg_uni_m_nw_06,3c4b4e2a4695853a,3318.461,0,311.038,0,187.8,0,1,1,1,
/AutoVegetation/grp_veg_uni_m_nw_06,grp_veg_uni_m_nw_06,3ca4314c794071e4,3359.059,0,336.257,0,132.84,0,1,1,1,
/AutoVegetation/grp_veg_uni_m_nw_06,grp_veg_uni_m_nw_06,3fc919dd411bf029,3377.044,0,331.6,0,278.61,0,1,1,1,
/AutoVegetation/grp_veg_uni_m_nw_06,grp_veg_uni_m_nw_06,400a6cdc6b40cd07,3578.712,0,328.478,0,109.95,0,1,1,1,
/AutoVegetation/grp_veg_uni_m_nw_06,grp_veg_uni_m_nw_06,44a1e14e518247d7,3577.98,0,439.978,0,93.24,0,1,1,1,
/AutoVegetation/grp_veg_uni_m_nw_06,grp_veg_uni_m_nw_06,45acf7706311f450,3391.11,0,322.694,0,340.71,0,1,1,1,
/AutoVegetation/grp_veg_uni_m_nw_06,grp_veg_uni_m_nw_06,4895e350250b2d01,3331.476,0,480.683,0,245.16,0,1,1,1,
/AutoVegetation/grp_veg_uni_m_nw_06,grp_veg_uni_m_nw_06,495ac1672d16887b,3366.445,0,569.11,0,208.9,0,1,1,1,
/AutoVegetation/grp_veg_uni_m_nw_06,grp_veg_uni_m_nw_06,50f3fa6a22cb8c3e,3323.036,0,388.813,0,332.64,0,1,1,1,
/AutoVegetation/grp_veg_uni_m_nw_06,grp_veg_uni_m_nw_06,5101ad3b447c8a93,3329.422,0,522.813,0,62.21,0,1,1,1,
/AutoVegetation/grp_veg_uni_m_nw_06,grp_veg_uni_m_nw_06,5393c1f664fc4c19,3562.523,0,469.647,0,333.92,0,1,1,1,
/AutoVegetation/grp_veg_uni_m_nw_06,grp_veg_uni_m_nw_06,56a3e17a61d21562,3578.121,0,488.614,0,154,0,1,1,1,
/AutoVegetation/grp_veg_uni_m_nw_06,grp_veg_uni_m_nw_06,57f824502536b504,3457.787,0,338.734,0,351.53,0,1,1,1,
/AutoVegetation/grp_veg_uni_m_nw_06,grp_veg_uni_m_nw_06,5a14f9283d27db62,3461.406,0,319.323,0,319,0,1,1,1,
/AutoVegetation/grp_veg_uni_m_nw_06,grp_veg_uni_m_nw_06,5cd4aeeb0d3e394e,3437.868,0,577.019,0,334.14,0,1,1,1,
/AutoVegetation/grp_veg_uni_m_nw_06,grp_veg_uni_m_nw_06,5e0063822382ca40,3466.576,0,588.017,0,132.28,0,1,1,1,
/AutoVegetation/grp_veg_uni_m_nw_06,grp_veg_uni_m_nw_06,605a83c356824652,3319.283,0,329.898,0,80.85,0,1,1,1,
/AutoVegetation/grp_veg_uni_m_nw_06,grp_veg_uni_m_nw_06,6336455d2ccd3ef6,3581.042,0,393.822,0,344.2,0,1,1,1,
/AutoVegetation/grp_veg_uni_m_nw_06,grp_veg_uni_m_nw_06,66f23ae4615167b8,3450.237,0,318.241,0,142.2,0,1,1,1,
/AutoVegetation/grp_veg_uni_m_nw_06,grp_veg_uni_m_nw_06,67dd395a3a0bd60b,3318.027,0,527.964,0,259.89,0,1,1,1,
/AutoVegetation/grp_veg_uni_m_nw_06,grp_veg_uni_m_nw_06,6834f387283c4db,3463.585,0,580.859,0,353.21,0,1,1,1,
/AutoVegetation/grp_veg_uni_m_nw_06,grp_veg_uni_m_nw_06,6b4f27055005cffb,3330.069,0,579.971,0,115.41,0,1,1,1,
/AutoVegetation/grp_veg_uni_m_nw_06,grp_veg_uni_m_nw_06,6bce2b455c490e66,3583.218,0,371.675,0,260.98,0,1,1,1,
/AutoVegetation/grp_veg_uni_m_nw_06,grp_veg_uni_m_nw_06,6ec778545e4f8c6c,3332.174,0,319.078,0,9.99,0,1,1,1,
/AutoVegetation/grp_veg_uni_m_nw_06,grp_veg_uni_m_nw_06,6fb08748342235c0,3526.405,0,570.529,0,104.75,0,1,1,1,
/AutoVegetation/grp_veg_uni_m_nw_06,grp_veg_uni_m_nw_06,72c2c3076985dcc2,3399.595,0,339.235,0,338.95,0,1,1,1,
/AutoVegetation/grp_veg_uni_m_nw_06,grp_veg_uni_m_nw_06,73028dfd14e36047,3539.357,0,586.15,0,110.44,0,1,1,1,
/AutoVegetation/grp_veg_uni_m_nw_06,grp_veg_uni_m_nw_06,75b3ac9360d46c3c,3327.957,0,421.685,0,301.22,0,1,1,1,
/AutoVegetation/grp_veg_uni_m_nw_06,grp_veg_uni_m_nw_06,77591e8f2a29b9b8,3553.395,0,581.534,0,17.78,0,1,1,1,
/AutoVegetation/grp_veg_uni_m_nw_06,grp_veg_uni_m_nw_06,a96110277dcf844,3540.361,0,567.753,0,260.28,0,1,1,1,
/AutoVegetation/grp_veg_uni_m_nw_06,grp_veg_uni_m_nw_06,ab1d6206ef4611e,3318.943,0,382.426,0,213.59,0,1,1,1,
/AutoVegetation/grp_veg_uni_s_nw_01,grp_veg_uni_s_nw_01,190cbf6b395919e5,3453,0,325.408,0,346.28,0,1,1,1,
/AutoVegetation/grp_veg_uni_s_nw_01,grp_veg_uni_s_nw_01,1995197d6a02d40d,3569.021,0,335.891,0,117.02,0,1,1,1,
/AutoVegetation/grp_veg_uni_s_nw_01,grp_veg_uni_s_nw_01,1c56e001143b8ee0,3452.384,0,577.866,0,89.12,0,1,1,1,
/AutoVegetation/grp_veg_uni_s_nw_01,grp_veg_uni_s_nw_01,1e5b27036cf7b257,3469.635,0,570.925,0,168.82,0,1,1,1,
/AutoVegetation/grp_veg_uni_s_nw_01,grp_veg_uni_s_nw_01,23a4a8563716999b,3535.143,0,318.164,0,125,0,1,1,1,
/AutoVegetation/grp_veg_uni_s_nw_01,grp_veg_uni_s_nw_01,244525e54aeceb62,3560.738,0,461.161,0,48.99,0,1,1,1,
/AutoVegetation/grp_veg_uni_s_nw_01,grp_veg_uni_s_nw_01,265229ad2e452a5d,3409.196,0,317.734,0,13.91,0,1,1,1,
/AutoVegetation/grp_veg_uni_s_nw_01,grp_veg_uni_s_nw_01,2b07c45018cc2c93,3326.6,0,434.508,0,62.23,0,1,1,1,
/AutoVegetation/grp_veg_uni_s_nw_01,grp_veg_uni_s_nw_01,2fcd34b142dd5575,3577.393,0,344.233,0,2.96,0,1,1,1,
/AutoVegetation/grp_veg_uni_s_nw_01,grp_veg_uni_s_nw_01,39e267031eda37b0,3426.179,0,326.714,0,75.1,0,1,1,1,
/AutoVegetation/grp_veg_uni_s_nw_01,grp_veg_uni_s_nw_01,3c1957877311c23f,3578.239,0,497.026,0,44.02,0,1,1,1,
/AutoVegetation/grp_veg_uni_s_nw_01,grp_veg_uni_s_nw_01,3f90659a0404ee66,3352.655,0,325.804,0,311.31,0,1,1,1,
/AutoVegetation/grp_veg_uni_s_nw_01,grp_veg_uni_s_nw_01,40a8bab3385f1d8a,3542.021,0,318.688,0,295.74,0,1,1,1,
/AutoVegetation/grp_veg_uni_s_nw_01,grp_veg_uni_s_nw_01,45a89aea1b535238,3562.21,0,442.822,0,264.15,0,1,1,1,
/AutoVegetation/grp_veg_uni_s_nw_01,grp_veg_uni_s_nw_01,47a7c61b2d981366,3505.665,0,327.517,0,17.13,0,1,1,1,
/AutoVegetation/grp_veg_uni_s_nw_01,grp_veg_uni_s_nw_01,47be5b0572f63c59,3569.741,0,452.08,0,71,0,1,1,1,
/AutoVegetation/grp_veg_uni_s_nw_01,grp_veg_uni_s_nw_01,4834fac916974854,3352.357,0,587.069,0,40.15,0,1,1,1,
/AutoVegetation/grp_veg_uni_s_nw_01,grp_veg_uni_s_nw_01,4ffffb7b44e23eca,3445.586,0,335.379,0,204.41,0,1,1,1,
/AutoVegetation/grp_veg_uni_s_nw_01,grp_veg_uni_s_nw_01,51c0e947489b7de6,3578.432,0,427.358,0,195.7,0,1,1,1,
/AutoVegetation/grp_veg_uni_s_nw_01,grp_veg_uni_s_nw_01,53e4815b32004fe0,3436.001,0,318.968,0,83.89,0,1,1,1,
/AutoVegetation/grp_veg_uni_s_nw_01,grp_veg_uni_s_nw_01,667ce6d72b31b0aa,3327.164,0,382.82,0,330.68,0,1,1,1,
/AutoVegetation/grp_veg_uni_s_nw_01,grp_veg_uni_s_nw_01,66819efd2c67141a,3524.012,0,326.767,0,218.63,0,1,1,1,
/AutoVegetation/grp_veg_uni_s_nw_01,grp_veg_uni_s_nw_01,66a908c26b4c6e71,3362.879,0,317.041,0,171.63,0,1,1,1,
/AutoVegetation/grp_veg_uni_s_nw_01,grp_veg_uni_s_nw_01,68178b6a280259ea,3398.397,0,586.244,0,358.3,0,1,1,1,
/AutoVegetation/grp_veg_uni_s_nw_01,grp_veg_uni_s_nw_01,6d45734a6b2792e2,3319.757,0,363.35,0,294.84,0,1,1,1,
/AutoVegetation/grp_veg_uni_s_nw_01,grp_veg_uni_s_nw_01,72aa4f81492384e2,3462.289,0,586.111,0,76.08,0,1,1,1,
/AutoVegetation/grp_veg_uni_s_nw_01,grp_veg_uni_s_nw_01,7593fac46324e047,3325.974,0,317.439,0,340.77,0,1,1,1,
/AutoVegetation/grp_veg_uni_s_nw_01,grp_veg_uni_s_nw_01,7788b3735b7a0687,3327.531,0,346.819,0,308.68,0,1,1,1,
/AutoVegetation/grp_veg_uni_s_nw_01,grp_veg_uni_s_nw_01,783f344c2650ce00,3561.096,0,498.944,0,114.11,0,1,1,1,
/AutoVegetation/grp_veg_uni_s_nw_01,grp_veg_uni_s_nw_01,7851e8cd5b72718b,3561.646,0,535.149,0,303.44,0,1,1,1,
/AutoVegetation/grp_veg_uni_s_nw_01,grp_veg_uni_s_nw_01,788a5afe4130c7c5,3560.84,0,364.766,0,330.89,0,1,1,1,
/AutoVegetation/grp_veg_uni_s_nw_01,grp_veg_uni_s_nw_01,789328fc0f6aaf58,3415.474,0,570.26,0,77.46,0,1,1,1,
/AutoVegetation/grp_veg_uni_s_nw_01,grp_veg_uni_s_nw_01,7f67fdf7084bd7b6,3345.947,0,317.481,0,293.07,0,1,1,1,
/AutoVegetation/grp_veg_uni_s_nw_01,grp_veg_uni_s_nw_01,ed393db0672b26e,3326.001,0,550.458,0,318.88,0,1,1,1,
/AutoVegetation/grp_veg_uni_s_nw_02,grp_veg_uni_s_nw_02,12b8157313416a4b,3570.848,0,487.449,0,175.29,0,1,1,1,
/AutoVegetation/grp_veg_uni_s_nw_02,grp_veg_uni_s_nw_02,16614fc26b9906cb,3406.679,0,327.611,0,116.91,0,1,1,1,
/AutoVegetation/grp_veg_uni_s_nw_02,grp_veg_uni_s_nw_02,17e012f861a5d0d6,3363.616,0,337.298,0,170.81,0,1,1,1,
/AutoVegetation/grp_veg_uni_s_nw_02,grp_veg_uni_s_nw_02,21614a326d890747,3328.208,0,534.285,0,312.71,0,1,1,1,
/AutoVegetation/grp_veg_uni_s_nw_02,grp_veg_uni_s_nw_02,2ab6aa0932aaf533,3389.55,0,318.845,0,209.03,0,1,1,1,
/AutoVegetation/grp_veg_uni_s_nw_02,grp_veg_uni_s_nw_02,2cafb66f4d0e810a,3463.179,0,325.589,0,86.16,0,1,1,1,
/AutoVegetation/grp_veg_uni_s_nw_02,grp_veg_uni_s_nw_02,30f4db2b410939c4,3424.498,0,334.711,0,184.21,0,1,1,1,
/AutoVegetation/grp_veg_uni_s_nw_02,grp_veg_uni_s_nw_02,320e073a05626381,3327.906,0,371.139,0,51.76,0,1,1,1,
/AutoVegetation/grp_veg_uni_s_nw_02,grp_veg_uni_s_nw_02,54ca151d3cac9bf4,3337.83,0,344.925,0,41.1,0,1,1,1,
/AutoVegetation/grp_veg_uni_s_nw_02,grp_veg_uni_s_nw_02,5585cd963d92b8e3,3389.422,0,336.223,0,340.9,0,1,1,1,
/AutoVegetation/grp_veg_uni_s_nw_02,grp_veg_uni_s_nw_02,56380ccd0ffc9e06,3561.795,0,354.346,0,36.55,0,1,1,1,
/AutoVegetation/grp_veg_uni_s_nw_02,grp_veg_uni_s_nw_02,5898ec137932ec46,3553.62,0,570.001,0,170.8,0,1,1,1,
/AutoVegetation/grp_veg_uni_s_nw_02,grp_veg_uni_s_nw_02,660a67714fdf92f5,3317.881,0,334.986,0,244.89,0,1,1,1,
/AutoVegetation/grp_veg_uni_s_nw_02,grp_veg_uni_s_nw_02,6f01da4c4e206401,3551.029,0,336.324,0,57.61,0,1,1,1,
/AutoVegetation/grp_veg_uni_s_nw_02,grp_veg_uni_s_nw_02,7332a8e92b2a73dc,3571.227,0,516.464,0,243.3,0,1,1,1,
/AutoVegetation/grp_veg_uni_s_nw_02,grp_veg_uni_s_nw_02,7e3b58af6275be48,3577.621,0,319.212,0,354.54,0,1,1,1,
/AutoVegetation/grp_veg_uni_s_nw_02,grp_veg_uni_s_nw_02,93109c5678da196,3426.517,0,570.425,0,225.46,0,1,1,1,
/AutoVegetation/grp_veg_uni_s_nw_03,grp_veg_uni_s_nw_03,10c83ed1089c817f,3561.086,0,578.509,0,120.4,0,1,1,1,
/AutoVegetation/grp_veg_uni_s_nw_03,grp_veg_uni_s_nw_03,1786cd08771fc019,3344.002,0,588.095,0,219.05,0,1,1,1,
/AutoVegetation/grp_veg_uni_s_nw_03,grp_veg_uni_s_nw_03,1aae414e1396ba12,3560.939,0,515.573,0,146.98,0,1,1,1,
/AutoVegetation/grp_veg_uni_s_nw_03,grp_veg_uni_s_nw_03,217906ed0ec70e7f,3318.156,0,345.643,0,149.47,0,1,1,1,
/AutoVegetation/grp_veg_uni_s_nw_03,grp_veg_uni_s_nw_03,2301696a2e695fa6,3561.12,0,489.582,0,219.28,0,1,1,1,
/AutoVegetation/grp_veg_uni_s_nw_03,grp_veg_uni_s_nw_03,236937dd6341d073,3561.606,0,399.553,0,73.76,0,1,1,1,
/AutoVegetation/grp_veg_uni_s_nw_03,grp_veg_uni_s_nw_03,2cbb7911305adebf,3407.071,0,336.66,0,153.56,0,1,1,1,
/AutoVegetation/grp_veg_uni_s_nw_03,grp_veg_uni_s_nw_03,2db5524e7f9f80ee,3435.342,0,328.641,0,142.62,0,1,1,1,
/AutoVegetation/grp_veg_uni_s_nw_03,grp_veg_uni_s_nw_03,390184435fa5c74d,3570.748,0,389.002,0,31.68,0,1,1,1,
/AutoVegetation/grp_veg_uni_s_nw_03,grp_veg_uni_s_nw_03,43b24136384b9489,3561.775,0,408.699,0,338.75,0,1,1,1,
/AutoVegetation/grp_veg_uni_s_nw_03,grp_veg_uni_s_nw_03,4415915675d0e8e4,3317.618,0,488.357,0,235.82,0,1,1,1,
/AutoVegetation/grp_veg_uni_s_nw_03,grp_veg_uni_s_nw_03,4aaa32ba18c4c8b3,3373.057,0,569.804,0,21.88,0,1,1,1,
/AutoVegetation/grp_veg_uni_s_nw_03,grp_veg_uni_s_nw_03,4bffc16d641aa127,3515.455,0,577.809,0,146.42,0,1,1,1,
/AutoVegetation/grp_veg_uni_s_nw_03,grp_veg_uni_s_nw_03,4cf3874c793c4366,3345.193,0,578.014,0,234.73,0,1,1,1,
/AutoVegetation/grp_veg_uni_s_nw_03,grp_veg_uni_s_nw_03,53114b4d3d456ec6,3544.567,0,326.587,0,222.5,0,1,1,1,
/AutoVegetation/grp_veg_uni_s_nw_03,grp_veg_uni_s_nw_03,5b9c2146288579ba,3515.201,0,319.499,0,331.36,0,1,1,1,
/AutoVegetation/grp_veg_uni_s_nw_03,grp_veg_uni_s_nw_03,5fd03e7803da476a,3569.81,0,416.911,0,307.63,0,1,1,1,
/AutoVegetation/grp_veg_uni_s_nw_03,grp_veg_uni_s_nw_03,5feaaec93267309f,3571.879,0,533.589,0,225.64,0,1,1,1,
/AutoVegetation/grp_veg_uni_s_nw_03,grp_veg_uni_s_nw_03,669076171aae5f5f,3416.69,0,580.757,0,198.03,0,1,1,1,
/AutoVegetation/grp_veg_uni_s_nw_03,grp_veg_uni_s_nw_03,75cd77f1259acd0c,3454.431,0,319.301,0,357.58,0,1,1,1,
/AutoVegetation/grp_veg_uni_s_nw_03,grp_veg_uni_s_nw_03,768c6013785d0d32,3325.315,0,587.939,0,1.28,0,1,1,1,
/AutoVegetation/grp_veg_uni_s_nw_03,grp_veg_uni_s_nw_03,798474ad5de1befc,3327.102,0,462,0,214.98,0,1,1,1,
/AutoVegetation/grp_veg_uni_s_nw_03,grp_veg_uni_s_nw_03,7c211c8772a2c43c,3561.414,0,452.028,0,14.09,0,1,1,1,
/AutoVegetation/grp_veg_uni_s_nw_03,grp_veg_uni_s_nw_03,7fd588d43d7ebd08,3326.358,0,488.101,0,156.69,0,1,1,1,
/AutoVegetation/grp_veg_uni_s_nw_03,grp_veg_uni_s_nw_03,804a0a216d8d05,3562.722,0,543.663,0,53.19,0,1,1,1,
/AutoVegetation/grp_veg_uni_s_nw_03,grp_veg_uni_s_nw_03,84266ab2cc43d2b,3444.956,0,587.126,0,156.51,0,1,1,1,
/AutoVegetation/grp_veg_uni_s_nw_03,grp_veg_uni_s_nw_03,a1e4c8c70031a7a,3397.201,0,335.736,0,209.39,0,1,1,1,
/AutoVegetation/grp_veg_uni_s_nw_03,grp_veg_uni_s_nw_03,ce7aaba69e901b5,3444.534,0,569.259,0,283.44,0,1,1,1,
/AutoVegetation/grp_veg_uni_s_nw_03,grp_veg_uni_s_nw_03,dc9a556c60c8c2,3570.294,0,346.279,0,274.75,0,1,1,1,
/AutoVegetation/grp_veg_uni_s_nw_04,grp_veg_uni_s_nw_04,162d0a43f23767c,3336.994,0,568.758,0,22.55,0,1,1,1,
/AutoVegetation/grp_veg_uni_s_nw_04,grp_veg_uni_s_nw_04,1cbba7825ee861a9,3480.531,0,326.007,0,174.36,0,1,1,1,
/AutoVegetation/grp_veg_uni_s_nw_04,grp_veg_uni_s_nw_04,21c9612042d0b01a,3379.214,0,326.235,0,245.96,0,1,1,1,
/AutoVegetation/grp_veg_uni_s_nw_04,grp_veg_uni_s_nw_04,2e6fc35765b5b7bd,3317.09,0,507.112,0,136.58,0,1,1,1,
/AutoVegetation/grp_veg_uni_s_nw_04,grp_veg_uni_s_nw_04,4a1820dc39a97418,3489.335,0,317.995,0,285.97,0,1,1,1,
/AutoVegetation/grp_veg_uni_s_nw_04,grp_veg_uni_s_nw_04,51767ce26989809,3534.369,0,336.543,0,15.59,0,1,1,1,
/AutoVegetation/grp_veg_uni_s_nw_04,grp_veg_uni_s_nw_04,5f18c4bd79916bdd,3533.958,0,578.51,0,43.6,0,1,1,1,
/AutoVegetation/grp_veg_uni_s_nw_04,grp_veg_uni_s_nw_04,64aead016c22323b,3352.797,0,316.494,0,188.85,0,1,1,1,
/AutoVegetation/grp_veg_uni_s_nw_04,grp_veg_uni_s_nw_04,6ec8ac567211bd7,3328.186,0,406.577,0,218.49,0,1,1,1,
/AutoVegetation/grp_veg_uni_s_nw_04,grp_veg_uni_s_nw_04,706cdf5575a4553d,3444.563,0,327.512,0,211.94,0,1,1,1,
/AutoVegetation/grp_veg_uni_s_nw_04,grp_veg_uni_s_nw_04,7208def2568500f7,3436.946,0,336.409,0,335.86,0,1,1,1,
/AutoVegetation/grp_veg_uni_s_nw_04,grp_veg_uni_s_nw_04,722fef2f039af83e,3478.666,0,587.142,0,192.9,0,1,1,1,
/AutoVegetation/grp_veg_uni_s_nw_04,grp_veg_uni_s_nw_04,77e85733751ac9c7,3327.714,0,416.921,0,309.31,0,1,1,1,
/AutoVegetation/grp_veg_uni_s_nw_04,grp_veg_uni_s_nw_04,78f9ad3f38839add,3580.474,0,507.324,0,128.09,0,1,1,1,
/AutoVegetation/grp_veg_uni_s_nw_04,grp_veg_uni_s_nw_04,7b28e9fe07c9251a,3497.271,0,335.85,0,75.23,0,1,1,1,
/AutoVegetation/grp_veg_uni_s_nw_04,grp_veg_uni_s_nw_04,b1141946eceafa9,3379.644,0,316.912,0,208.78,0,1,1,1,
/AutoVegetation/grp_veg_uni_s_nw_04,grp_veg_uni_s_nw_04,bddeed31aa89c02,3319.386,0,408.768,0,279.41,0,1,1,1,
/AutoVegetation/grp_veg_uni_s_nw_05,grp_veg_uni_s_nw_05,247680f1685c0e44,3480.73,0,317.636,0,81.22,0,1,1,1,
/AutoVegetation/grp_veg_uni_s_nw_05,grp_veg_uni_s_nw_05,277420471479e279,3577.889,0,388.91,0,145.11,0,1,1,1,
/AutoVegetation/grp_veg_uni_s_nw_05,grp_veg_uni_s_nw_05,284a27a71777cecf,3562.311,0,427.446,0,68.74,0,1,1,1,
/AutoVegetation/grp_veg_uni_s_nw_05,grp_veg_uni_s_nw_05,2e25f4f62e49eb38,3516.997,0,326.929,0,39.48,0,1,1,1,
/AutoVegetation/grp_veg_uni_s_nw_05,grp_veg_uni_s_nw_05,3009d1ad4840ebc0,3534.093,0,327.158,0,305.62,0,1,1,1,
/AutoVegetation/grp_veg_uni_s_nw_05,grp_veg_uni_s_nw_05,300d063052fd51cb,3535.605,0,570.895,0,228.43,0,1,1,1,
/AutoVegetation/grp_veg_uni_s_nw_05,grp_veg_uni_s_nw_05,32fad5c4058febd5,3346.845,0,336.181,0,317.57,0,1,1,1,
/AutoVegetation/grp_veg_uni_s_nw_05,grp_veg_uni_s_nw_05,3af7a8cc7c63b2ae,3317.655,0,496.052,0,181.23,0,1,1,1,
/AutoVegetation/grp_veg_uni_s_nw_05,grp_veg_uni_s_nw_05,3c1bec6404f21ada,3317.418,0,516.807,0,359.62,0,1,1,1,
/AutoVegetation/grp_veg_uni_s_nw_05,grp_veg_uni_s_nw_05,42a97f7928256679,3579.296,0,337.468,0,76.49,0,1,1,1,
/AutoVegetation/grp_veg_uni_s_nw_05,grp_veg_uni_s_nw_05,44546d8b4e90503f,3516.232,0,568.297,0,23.88,0,1,1,1,
/AutoVegetation/grp_veg_uni_s_nw_05,grp_veg_uni_s_nw_05,44d4a7730e563297,3579.161,0,524.617,0,44.78,0,1,1,1,
/AutoVegetation/grp_veg_uni_s_nw_05,grp_veg_uni_s_nw_05,4bc8ec624d15b1c3,3561.065,0,335.128,0,45.15,0,1,1,1,
/AutoVegetation/grp_veg_uni_s_nw_05,grp_veg_uni_s_nw_05,4c2956355eaa2d79,3552.435,0,316.239,0,354.39,0,1,1,1,
/AutoVegetation/grp_veg_uni_s_nw_05,grp_veg_uni_s_nw_05,4f668ab9207f9c4e,3525.464,0,316.509,0,248.59,0,1,1,1,
/AutoVegetation/grp_veg_uni_s_nw_05,grp_veg_uni_s_nw_05,5381e49a60a803f0,3471.595,0,337.908,0,255.5,0,1,1,1,
/AutoVegetation/grp_veg_uni_s_nw_05,grp_veg_uni_s_nw_05,54b69b3c5bf00062,3319.192,0,532.634,0,173.82,0,1,1,1,
/AutoVegetation/grp_veg_uni_s_nw_05,grp_veg_uni_s_nw_05,575537f611e08388,3463.22,0,335.277,0,250.84,0,1,1,1,
/AutoVegetation/grp_veg_uni_s_nw_05,grp_veg_uni_s_nw_05,5e5f7302737f75e7,3524.761,0,335.345,0,325.27,0,1,1,1,
/AutoVegetation/grp_veg_uni_s_nw_05,grp_veg_uni_s_nw_05,5eef0492690cbae6,3334.164,0,327.723,0,241.86,0,1,1,1,
/AutoVegetation/grp_veg_uni_s_nw_05,grp_veg_uni_s_nw_05,5f3345e024609d10,3560.779,0,381.704,0,27.92,0,1,1,1,
/AutoVegetation/grp_veg_uni_s_nw_05,grp_veg_uni_s_nw_05,7178790e0a98249d,3580.077,0,416.657,0,284.02,0,1,1,1,
/AutoVegetation/grp_veg_uni_s_nw_05,grp_veg_uni_s_nw_05,76175f3e1432b5fc,3319.075,0,425.523,0,93.98,0,1,1,1,
/AutoVegetation/grp_veg_uni_s_nw_05,grp_veg_uni_s_nw_05,7a57466134a33ac2,3506.906,0,577.866,0,263.75,0,1,1,1,
/AutoVegetation/grp_veg_uni_s_nw_05,grp_veg_uni_s_nw_05,7b7238ee6d1cbb31,3327.208,0,355.982,0,346.88,0,1,1,1,
/AutoVegetation/grp_veg_uni_s_nw_05,grp_veg_uni_s_nw_05,7cd73ba44b433b95,3319.158,0,571.06,0,305.11,0,1,1,1,
/AutoVegetation/grp_veg_uni_s_nw_05,grp_veg_uni_s_nw_05,7e7cb68604ca70a6,3418.101,0,334.845,0,71.54,0,1,1,1,
/AutoVegetation/grp_veg_uni_s_nw_05,grp_veg_uni_s_nw_05,7fc18ef63e8f6e27,3562.591,0,552.958,0,57.05,0,1,1,1,
/AutoVegetation/grp_veg_uni_s_nw_05,grp_veg_uni_s_nw_05,9e6bffd40ded373,3435.625,0,569.561,0,156.86,0,1,1,1,
/AutoVegetation/grp_veg_uni_s_nw_06,grp_veg_uni_s_nw_06,13db817e08cf74b2,3318.611,0,398.834,0,189.88,0,1,1,1,
/AutoVegetation/grp_veg_uni_s_nw_06,grp_veg_uni_s_nw_06,14fa0c42551ca583,3578.854,0,544.874,0,352.35,0,1,1,1,
/AutoVegetation/grp_veg_uni_s_nw_06,grp_veg_uni_s_nw_06,1a57d0147485f4f3,3579.065,0,398.739,0,191.13,0,1,1,1,
/AutoVegetation/grp_veg_uni_s_nw_06,grp_veg_uni_s_nw_06,1c6a0e037a18d558,3560.347,0,524.731,0,105.58,0,1,1,1,
/AutoVegetation/grp_veg_uni_s_nw_06,grp_veg_uni_s_nw_06,26d8f7b178bf7e56,3580.379,0,454.355,0,327.06,0,1,1,1,
/AutoVegetation/grp_veg_uni_s_nw_06,grp_veg_uni_s_nw_06,2b265f1a7142b7d0,3579.186,0,407.212,0,344.43,0,1,1,1,
/AutoVegetation/grp_veg_uni_s_nw_06,grp_veg_uni_s_nw_06,2b9a1ce6285eeefe,3326.971,0,506.433,0,90.72,0,1,1,1,
/AutoVegetation/grp_veg_uni_s_nw_06,grp_veg_uni_s_nw_06,35613880703d8c1c,3363.976,0,326.55,0,127.9,0,1,1,1,
/AutoVegetation/grp_veg_uni_s_nw_06,grp_veg_uni_s_nw_06,37fe938d7fbd69d8,3325.601,0,544.177,0,238.48,0,1,1,1,
/AutoVegetation/grp_veg_uni_s_nw_06,grp_veg_uni_s_nw_06,39d407a268e73975,3580.406,0,577.918,0,59.57,0,1,1,1,
/AutoVegetation/grp_veg_uni_s_nw_06,grp_veg_uni_s_nw_06,3c6d6736df08e0f,3577.209,0,479.192,0,53.63,0,1,1,1,
/AutoVegetation/grp_veg_uni_s_nw_06,grp_veg_uni_s_nw_06,415904723bfde88a,3561.874,0,391.72,0,294.4,0,1,1,1,
/AutoVegetation/grp_veg_uni_s_nw_06,grp_veg_uni_s_nw_06,42567129384f6cdb,3560.416,0,560.01,0,214.73,0,1,1,1,
/AutoVegetation/grp_veg_uni_s_nw_06,grp_veg_uni_s_nw_06,48e7b2ba51bc522d,3570.217,0,496.704,0,158.55,0,1,1,1,
/AutoVegetation/grp_veg_uni_s_nw_06,grp_veg_uni_s_nw_06,52ffac230c8567f9,3399.851,0,325.965,0,234.99,0,1,1,1,
/AutoVegetation/grp_veg_uni_s_nw_06,grp_veg_uni_s_nw_06,60ae5bd92e31524e,3327.39,0,469.539,0,258.4,0,1,1,1,
/AutoVegetation/grp_veg_uni_s_nw_06,grp_veg_uni_s_nw_06,63bf2ceb6710c021,3325.815,0,514.878,0,127.94,0,1,1,1,
/AutoVegetation/grp_veg_uni_s_nw_06,grp_veg_uni_s_nw_06,6aebb2ac2eed358d,3317.502,0,389.084,0,279.39,0,1,1,1,
/AutoVegetation/grp_veg_uni_s_nw_06,grp_veg_uni_s_nw_06,6c2636a3159324c0,3541.143,0,578.527,0,72.44,0,1,1,1,
/AutoVegetation/grp_veg_uni_s_nw_06,grp_veg_uni_s_nw_06,7a3b009b4043439b,3417.737,0,587.538,0,340.08,0,1,1,1,
/AutoVegetation/grp_veg_uni_s_nw_06,grp_veg_uni_s_nw_06,7c46c0a67d1869dc,3570.517,0,426.352,0,188.77,0,1,1,1,
/AutoVegetation/grp_veg_uni_s_nw_06,grp_veg_uni_s_nw_06,7e9cadcf0ea28768,3442.297,0,579.399,0,234.62,0,1,1,1,
/AutoVegetation/grp_veg_uni_s_nw_06,grp_veg_uni_s_nw_06,9dbd1322136d307,3327.763,0,443.324,0,309.1,0,1,1,1,
/AutoVegetation/grp_veg_uni_s_nw_06,grp_veg_uni_s_nw_06,a5b208a1f0babfa,3417.741,0,327.959,0,317.79,0,1,1,1,
/prop_edboss_unicornset_platform,prop_edboss_unicornset_platform,2de59536b373ea3,3456.319,0,453.636,0,180,0,1,1,1,
