/combat_teams/combat_team_dwarves,combat_team_dwarves,4d606d8f2016dfc4,3460.286,0,507.561,0,180,0,0,0,0,MakeThemGroupStrengthFixed.GroupStrength=5
/combat_teams/combat_team_dwarves_with_dlg,combat_team_dwarves_with_dlg,94970602002bcf1,3686.143,0,760.091,0,180,0,0,0,0,MakeThemGroupStrengthFixed.GroupStrength=5
/combat_teams/combat_team_elves,combat_team_elves,7fb472ec2624cbd9,3538.281,0,437.677,0,180,0,0,0,0,MakeThemGroupStrengthFixed.GroupStrength=5
/combat_teams/combat_team_elves_with_dlg,combat_team_elves_with_dlg,26d85605266cfca0,3769.379,0,665.926,0,180,0,0,0,0,MakeThemGroupStrengthFixed.GroupStrength=5
/combat_teams/combat_team_horses,combat_team_horses,1b43f6d232921ca1,3383.89,0,579.396,0,180,0,0,0,0,MakeThemGroupStrengthFixed.GroupStrength=5
/combat_teams/combat_team_humans,combat_team_humans,11405086263a68cd,3536.854,0,584.295,0,180,0,0,0,0,MakeThemGroupStrengthFixed.GroupStrength=5
/combat_teams/combat_team_humans_with_dlg,combat_team_humans_with_dlg,103f15e72388c9a8,3854.885,0,582.495,0,180,0,0,0,0,MakeThemGroupStrengthFixed.GroupStrength=5
/combat_teams/combat_team_melee,combat_team_melee,234ddcae1de12cb5,3618.794,0,514.759,0,220,0,0,0,0,MakeThemGroupStrengthFixed.GroupStrength=5
/combat_teams/combat_team_melee_with_dlg,combat_team_melee_with_dlg,6e121407064a87a0,3595.251,0,851.125,0,180,0,0,0,0,MakeThemGroupStrengthFixed.GroupStrength=5
/combat_teams/combat_team_peasant,combat_team_peasant,7f4bbb6136d0a245,3607.302,0,375.387,0,180,0,0,0,0,MakeThemGroupStrengthFixed.GroupStrength=5
/combat_teams/combat_team_peasant_with_dlg,combat_team_peasant_with_dlg,16905e2c7d6b92f2,3510.545,0,923.794,0,180,0,0,0,0,MakeThemGroupStrengthFixed.GroupStrength=5
/combat_teams/combat_team_range,combat_team_range,5f3d936d61ee42c3,3458.396,0,664.124,0,180,0,0,0,0,MakeThemGroupStrengthFixed.GroupStrength=5
/combat_teams/combat_team_range_with_dlg,combat_team_range_with_dlg,143ddff02c4a23cf,3926.082,0,494.984,0,180,0,0,0,0,MakeThemGroupStrengthFixed.GroupStrength=5
/combat_teams/combat_team_sheeps,combat_team_sheeps,36da4d1c43070f3e,3753.561,0,371.456,0,180,0,0,0,0,MakeThemGroupStrengthFixed.GroupStrength=5
/combat_teams/combat_team_western,combat_team_western,302f11ae5512df77,3523.309,0,759.584,0,180,0,0,0,0,MakeThemGroupStrengthFixed.GroupStrength=5
/combat_teams/combat_team_western_dwarves,combat_team_western_dwarves,70eed4eb11d1bccd,3614.039,0,675.231,0,180,0,0,0,0,MakeThemGroupStrengthFixed.GroupStrength=5
/combat_teams/combat_team_western_melee,combat_team_western_melee,4420e210148148ca,3690.622,0,590.057,0,180,0,0,0,0,MakeThemGroupStrengthFixed.GroupStrength=5
/combat_teams/combat_team_western_range,combat_team_western_range,64e313c92335d872,3770.633,0,506.308,0,180,0,0,0,0,MakeThemGroupStrengthFixed.GroupStrength=5
/eddyn_waypoint1,eddyn_waypoint,60f7701b49e127,3832.74,0,511.454,0,180,0,0,0,0,accessibleByScript
/eddyn_waypoint2,eddyn_waypoint,2e414d9d24dcf0ab,3845.678,0,824.142,0,180,0,0,0,0,accessibleByScript
/eddyn_waypoint3,eddyn_waypoint,485b81c537c333ff,3539.028,0,846.291,0,180,0,0,0,0,accessibleByScript
/eddyn_waypoint4,eddyn_waypoint,663c4de85156219a,3521,0,522.985,0,180,0,0,0,0,accessibleByScript
/entrances/entrance,entrance,4249daa771a86b4a,586.5,0,346.5,0,0,0,0,0,0,accessibleByScript;TileArea.Tiles=143 101#143 102#143 103#143 104#143 105#143 106#143 107#144 101#144 102#144 103#144 104#144 105#144 106#144 107#145 101#145 102#145 103#145 104#145 105#145 106#145 107#146 101#146 102#146 103#146 104#146 105#146 106#146 107#147 101#147 102#147 103#147 104#147 105#147 106#147 107#148 101#148 102#148 103#148 104#148 105#148 106#148 107#149 101#149 102#149 103#149 104#149 105#149 106#149 107#192 112#192 113#192 114#192 115#192 116#192 117#192 118#193 112#193 113#193 114#193 115#193 116#193 117#193 118#194 112#194 113#194 114#194 115#194 116#194 117#194 118#195 112#195 113#195 114#195 115#195 116#195 117#195 118#196 112#196 113#196 114#196 115#196 116#196 117#196 118#197 112#197 113#197 114#197 115#197 116#197 117#197 118#198 112#198 113#198 114#198 115#198 116#198 117#198 118;Teleport.Target=Entity||entrances/entrance_outside|
/entrances/entrance_outside,entrance_outside,7980ef1f2cc2c181,3394.573,0,391.525,0,40.87,0,0,0,0,accessibleByScript;Teleport.Target=Entity||entrances/entrance|
/gimmick_arcanium,gimmick_arcanium,26676878180b9a4a,658.5,0,721.5,0,180,0,0,0,0,owner=SinglePlayer
/gimmick_arcanium,gimmick_arcanium,2dcb370720054156,652.5,0,703.5,0,180,0,0,0,0,owner=SinglePlayer
/gimmick_arcanium,gimmick_arcanium,2e5e25f81876b4a3,652.5,0,715.5,0,180,0,0,0,0,owner=SinglePlayer
/gimmick_arcanium,gimmick_arcanium,54b47bc9733f461d,652.5,0,709.5,0,180,0,0,0,0,owner=SinglePlayer
/gimmick_arcanium,gimmick_arcanium,597ab4447bf041ff,658.5,0,715.5,0,180,0,0,0,0,owner=SinglePlayer
/gimmick_arcanium,gimmick_arcanium,5987a1824dad6c49,658.5,0,709.5,0,180,0,0,0,0,owner=SinglePlayer
/gimmick_arcanium,gimmick_arcanium,5f107f28025193bb,646.5,0,709.5,0,180,0,0,0,0,owner=SinglePlayer
/gimmick_arcanium,gimmick_arcanium,726ed2f72cfbddca,646.5,0,703.5,0,180,0,0,0,0,owner=SinglePlayer
/gimmick_arcanium,gimmick_arcanium,7d12c08a1701459a,658.5,0,703.5,0,180,0,0,0,0,owner=SinglePlayer
/gimmick_arcanium,gimmick_arcanium,82941ac5aa97186,640.5,0,703.5,0,180,0,0,0,0,owner=SinglePlayer
/gimmick_arena,gimmick_arena,101150a130a06607,733.5,0,604.5,0,180,0,0,0,0,owner=SinglePlayer
/gimmick_arena,gimmick_arena,1125c52400b205b8,751.5,0,631.5,0,180,0,0,0,0,owner=SinglePlayer
/gimmick_arena,gimmick_arena,124c994d4f670b26,742.5,0,604.5,0,180,0,0,0,0,owner=SinglePlayer
/gimmick_arena,gimmick_arena,149907e1f980fda,769.5,0,613.5,0,180,0,0,0,0,owner=SinglePlayer
/gimmick_arena,gimmick_arena,16cc6c5c6da05d03,742.5,0,649.5,0,180,0,0,0,0,owner=SinglePlayer
/gimmick_arena,gimmick_arena,16dc08964faaf4c9,769.5,0,649.5,0,180,0,0,0,0,owner=SinglePlayer
/gimmick_arena,gimmick_arena,173a969e63912ceb,733.5,0,613.5,0,180,0,0,0,0,owner=SinglePlayer
/gimmick_arena,gimmick_arena,1ab136d92847a2d3,724.5,0,649.5,0,180,0,0,0,0,owner=SinglePlayer
/gimmick_arena,gimmick_arena,1cafa2e97f27464c,769.5,0,640.5,0,180,0,0,0,0,owner=SinglePlayer
/gimmick_arena,gimmick_arena,22cf1218215fe4b5,724.5,0,604.5,0,180,0,0,0,0,owner=SinglePlayer
/gimmick_arena,gimmick_arena,24e00cdb012841ca,751.5,0,622.5,0,180,0,0,0,0,owner=SinglePlayer
/gimmick_arena,gimmick_arena,26de09aa24d061f5,742.5,0,622.5,0,180,0,0,0,0,owner=SinglePlayer
/gimmick_arena,gimmick_arena,279c0d437ca8c246,760.5,0,604.5,0,180,0,0,0,0,owner=SinglePlayer
/gimmick_arena,gimmick_arena,2e818db247d7137d,760.5,0,631.5,0,180,0,0,0,0,owner=SinglePlayer
/gimmick_arena,gimmick_arena,37eafa23cee51ee,742.5,0,631.5,0,180,0,0,0,0,owner=SinglePlayer
/gimmick_arena,gimmick_arena,43c19102690055f6,733.5,0,622.5,0,180,0,0,0,0,owner=SinglePlayer
/gimmick_arena,gimmick_arena,44586fb25ae4ca25,751.5,0,649.5,0,180,0,0,0,0,owner=SinglePlayer
/gimmick_arena,gimmick_arena,4546249577488700,724.5,0,631.5,0,180,0,0,0,0,owner=SinglePlayer
/gimmick_arena,gimmick_arena,46f4830d4b17c6fb,742.5,0,613.5,0,180,0,0,0,0,owner=SinglePlayer
/gimmick_arena,gimmick_arena,48302cad402d0d5b,742.5,0,640.5,0,180,0,0,0,0,owner=SinglePlayer
/gimmick_arena,gimmick_arena,4ca265cc7ca752bb,760.5,0,622.5,0,180,0,0,0,0,owner=SinglePlayer
/gimmick_arena,gimmick_arena,59d1bc851fbd210e,724.5,0,622.5,0,180,0,0,0,0,owner=SinglePlayer
/gimmick_arena,gimmick_arena,5c4bae472af0999b,724.5,0,640.5,0,180,0,0,0,0,owner=SinglePlayer
/gimmick_arena,gimmick_arena,5fd118ef1e2b1919,733.5,0,631.5,0,180,0,0,0,0,owner=SinglePlayer
/gimmick_arena,gimmick_arena,6260d4b64358faf7,733.5,0,640.5,0,180,0,0,0,0,owner=SinglePlayer
/gimmick_arena,gimmick_arena,63596885f8f3bbe,760.5,0,649.5,0,180,0,0,0,0,owner=SinglePlayer
/gimmick_arena,gimmick_arena,64a8c7a548641fed,760.5,0,613.5,0,180,0,0,0,0,owner=SinglePlayer
/gimmick_arena,gimmick_arena,64fe6c844bfc4f9e,769.5,0,631.5,0,180,0,0,0,0,owner=SinglePlayer
/gimmick_arena,gimmick_arena,704301ea6d3709cf,769.5,0,604.5,0,180,0,0,0,0,owner=SinglePlayer
/gimmick_arena,gimmick_arena,78dcee1d6a2ead28,733.5,0,649.5,0,180,0,0,0,0,owner=SinglePlayer
/gimmick_arena,gimmick_arena,7d8f50cc62a3405b,751.5,0,640.5,0,180,0,0,0,0,owner=SinglePlayer
/gimmick_arena,gimmick_arena,b9c04212575b87d,760.5,0,640.5,0,180,0,0,0,0,owner=SinglePlayer
/gimmick_arena,gimmick_arena,d7ba7bd7b8c45d0,769.5,0,622.5,0,180,0,0,0,0,owner=SinglePlayer
/gimmick_arena,gimmick_arena,da9044a0df2200a,751.5,0,604.5,0,180,0,0,0,0,owner=SinglePlayer
/gimmick_arena,gimmick_arena,db25505284d680a,751.5,0,613.5,0,180,0,0,0,0,owner=SinglePlayer
/gimmick_arena,gimmick_arena,f5bce772285b3a5,724.5,0,613.5,0,180,0,0,0,0,owner=SinglePlayer
/gimmick_brewery,gimmick_brewery,7e1871c51dd5224,670.5,0,736.5,0,180,0,0,0,0,owner=SinglePlayer
/gimmick_crypta,gimmick_crypta,1148be3228b63f29,667.5,0,649.5,0,180,0,0,0,0,owner=SinglePlayer
/gimmick_crypta,gimmick_crypta,122706c4691c8ae0,685.5,0,637.5,0,180,0,0,0,0,owner=SinglePlayer
/gimmick_crypta,gimmick_crypta,12d7fb9f38159519,679.5,0,637.5,0,180,0,0,0,0,owner=SinglePlayer
/gimmick_crypta,gimmick_crypta,13adfc5131064c4c,673.5,0,643.5,0,180,0,0,0,0,owner=SinglePlayer
/gimmick_crypta,gimmick_crypta,191e8e17487a1247,661.5,0,631.5,0,180,0,0,0,0,owner=SinglePlayer
/gimmick_crypta,gimmick_crypta,19aa3c366a934469,661.5,0,643.5,0,180,0,0,0,0,owner=SinglePlayer
/gimmick_crypta,gimmick_crypta,1c9638257771ad2e,667.5,0,643.5,0,180,0,0,0,0,owner=SinglePlayer
/gimmick_crypta,gimmick_crypta,1da0a4de034654ad,697.5,0,625.5,0,180,0,0,0,0,owner=SinglePlayer
/gimmick_crypta,gimmick_crypta,1f71d34b56d2ab17,685.5,0,643.5,0,180,0,0,0,0,owner=SinglePlayer
/gimmick_crypta,gimmick_crypta,2388a9d47c797b98,667.5,0,637.5,0,180,0,0,0,0,owner=SinglePlayer
/gimmick_crypta,gimmick_crypta,23f735f3467be2d2,697.5,0,631.5,0,180,0,0,0,0,owner=SinglePlayer
/gimmick_crypta,gimmick_crypta,247a14595d11a01a,703.5,0,631.5,0,180,0,0,0,0,owner=SinglePlayer
/gimmick_crypta,gimmick_crypta,2531a2a32b97e542,661.5,0,649.5,0,180,0,0,0,0,owner=SinglePlayer
/gimmick_crypta,gimmick_crypta,2a1226934f404199,667.5,0,625.5,0,180,0,0,0,0,owner=SinglePlayer
/gimmick_crypta,gimmick_crypta,2adef3d947562d1a,703.5,0,649.5,0,180,0,0,0,0,owner=SinglePlayer
/gimmick_crypta,gimmick_crypta,2bfc9b9d5ed2c982,679.5,0,625.5,0,180,0,0,0,0,owner=SinglePlayer
/gimmick_crypta,gimmick_crypta,2d39afc5d35d081,661.5,0,637.5,0,180,0,0,0,0,owner=SinglePlayer
/gimmick_crypta,gimmick_crypta,2eb6b3bb5257e674,691.5,0,625.5,0,180,0,0,0,0,owner=SinglePlayer
/gimmick_crypta,gimmick_crypta,2fe05250c24d533,691.5,0,631.5,0,180,0,0,0,0,owner=SinglePlayer
/gimmick_crypta,gimmick_crypta,31493112477fdfc7,685.5,0,631.5,0,180,0,0,0,0,owner=SinglePlayer
/gimmick_crypta,gimmick_crypta,3334680111008d07,679.5,0,631.5,0,180,0,0,0,0,owner=SinglePlayer
/gimmick_crypta,gimmick_crypta,34128caf095fde9d,667.5,0,631.5,0,180,0,0,0,0,owner=SinglePlayer
/gimmick_crypta,gimmick_crypta,35419da272fc80de,703.5,0,643.5,0,180,0,0,0,0,owner=SinglePlayer
/gimmick_crypta,gimmick_crypta,356529c727d4576d,697.5,0,649.5,0,180,0,0,0,0,owner=SinglePlayer
/gimmick_crypta,gimmick_crypta,35ca36e83b921ddf,697.5,0,637.5,0,180,0,0,0,0,owner=SinglePlayer
/gimmick_crypta,gimmick_crypta,36ce1d273929e02b,679.5,0,649.5,0,180,0,0,0,0,owner=SinglePlayer
/gimmick_crypta,gimmick_crypta,372de3503d3fab33,661.5,0,625.5,0,180,0,0,0,0,owner=SinglePlayer
/gimmick_crypta,gimmick_crypta,37f084cb04e3158b,673.5,0,625.5,0,180,0,0,0,0,owner=SinglePlayer
/gimmick_crypta,gimmick_crypta,397dbf981918a836,673.5,0,631.5,0,180,0,0,0,0,owner=SinglePlayer
/gimmick_crypta,gimmick_crypta,3a84653d1f3b16ec,673.5,0,649.5,0,180,0,0,0,0,owner=SinglePlayer
/gimmick_crypta,gimmick_crypta,3a86c2af68095012,685.5,0,649.5,0,180,0,0,0,0,owner=SinglePlayer
/gimmick_crypta,gimmick_crypta,3b59ffbc561c0b91,691.5,0,649.5,0,180,0,0,0,0,owner=SinglePlayer
/gimmick_crypta,gimmick_crypta,3d8f86726132d810,679.5,0,643.5,0,180,0,0,0,0,owner=SinglePlayer
/gimmick_crypta,gimmick_crypta,4a9660165ecc8f0,691.5,0,637.5,0,180,0,0,0,0,owner=SinglePlayer
/gimmick_crypta,gimmick_crypta,56a5f154397ba05,703.5,0,637.5,0,180,0,0,0,0,owner=SinglePlayer
/gimmick_crypta,gimmick_crypta,6d7df6b7485e8fc,673.5,0,637.5,0,180,0,0,0,0,owner=SinglePlayer
/gimmick_crypta,gimmick_crypta,6f1a17200fe2cb0,685.5,0,625.5,0,180,0,0,0,0,owner=SinglePlayer
/gimmick_crypta,gimmick_crypta,78dc66e1e055fa5,697.5,0,643.5,0,180,0,0,0,0,owner=SinglePlayer
/gimmick_crypta,gimmick_crypta,7ea9978055e3e37,691.5,0,643.5,0,180,0,0,0,0,owner=SinglePlayer
/gimmick_crypta,gimmick_crypta,813967d57c8ba4f,703.5,0,625.5,0,180,0,0,0,0,owner=SinglePlayer
/gimmick_graveyard_vampire_queen,gimmick_graveyard_vampire_queen,1111ad8d5815dcb8,720,0,690,0,180,0,0,0,0,owner=SinglePlayer
/gimmick_graveyard_vampire_queen,gimmick_graveyard_vampire_queen,165920543045f781,732,0,666,0,180,0,0,0,0,owner=SinglePlayer
/gimmick_graveyard_vampire_queen,gimmick_graveyard_vampire_queen,182d25ae2f8ff442,732,0,690,0,180,0,0,0,0,owner=SinglePlayer
/gimmick_graveyard_vampire_queen,gimmick_graveyard_vampire_queen,1acbd8b85c11ad2c,714,0,678,0,180,0,0,0,0,owner=SinglePlayer
/gimmick_graveyard_vampire_queen,gimmick_graveyard_vampire_queen,1f60c4ba5153dafc,708,0,660,0,180,0,0,0,0,owner=SinglePlayer
/gimmick_graveyard_vampire_queen,gimmick_graveyard_vampire_queen,259d7af406e9056f,708,0,672,0,180,0,0,0,0,owner=SinglePlayer
/gimmick_graveyard_vampire_queen,gimmick_graveyard_vampire_queen,28f613020e4b234f,702,0,660,0,180,0,0,0,0,owner=SinglePlayer
/gimmick_graveyard_vampire_queen,gimmick_graveyard_vampire_queen,296864a7577c2fd1,702,0,672,0,180,0,0,0,0,owner=SinglePlayer
/gimmick_graveyard_vampire_queen,gimmick_graveyard_vampire_queen,2c96df3c0ea404ef,714,0,672,0,180,0,0,0,0,owner=SinglePlayer
/gimmick_graveyard_vampire_queen,gimmick_graveyard_vampire_queen,2d638bbc1065be39,702,0,666,0,180,0,0,0,0,owner=SinglePlayer
/gimmick_graveyard_vampire_queen,gimmick_graveyard_vampire_queen,36a65e8a71dcdae9,726,0,690,0,180,0,0,0,0,owner=SinglePlayer
/gimmick_graveyard_vampire_queen,gimmick_graveyard_vampire_queen,3965b1fb06abd27c,726,0,660,0,180,0,0,0,0,owner=SinglePlayer
/gimmick_graveyard_vampire_queen,gimmick_graveyard_vampire_queen,3aa745db4e1fd36e,714,0,690,0,180,0,0,0,0,owner=SinglePlayer
/gimmick_graveyard_vampire_queen,gimmick_graveyard_vampire_queen,3dcadba43c6224de,726,0,684,0,180,0,0,0,0,owner=SinglePlayer
/gimmick_graveyard_vampire_queen,gimmick_graveyard_vampire_queen,427cbb1a668c257a,708,0,678,0,180,0,0,0,0,owner=SinglePlayer
/gimmick_graveyard_vampire_queen,gimmick_graveyard_vampire_queen,4459de826ad35f45,702,0,684,0,180,0,0,0,0,owner=SinglePlayer
/gimmick_graveyard_vampire_queen,gimmick_graveyard_vampire_queen,4633523028e9114d,714,0,684,0,180,0,0,0,0,owner=SinglePlayer
/gimmick_graveyard_vampire_queen,gimmick_graveyard_vampire_queen,47f4c05009530dee,714,0,660,0,180,0,0,0,0,owner=SinglePlayer
/gimmick_graveyard_vampire_queen,gimmick_graveyard_vampire_queen,4a0c2f7e48c75a3a,720,0,666,0,180,0,0,0,0,owner=SinglePlayer
/gimmick_graveyard_vampire_queen,gimmick_graveyard_vampire_queen,4cad098971e5f21a,720,0,660,0,180,0,0,0,0,owner=SinglePlayer
/gimmick_graveyard_vampire_queen,gimmick_graveyard_vampire_queen,50295b4e7a653dd3,720,0,684,0,180,0,0,0,0,owner=SinglePlayer
/gimmick_graveyard_vampire_queen,gimmick_graveyard_vampire_queen,5081579d464328d8,714,0,666,0,180,0,0,0,0,owner=SinglePlayer
/gimmick_graveyard_vampire_queen,gimmick_graveyard_vampire_queen,517660c21fd0ae9e,720,0,672,0,180,0,0,0,0,owner=SinglePlayer
/gimmick_graveyard_vampire_queen,gimmick_graveyard_vampire_queen,54f8eef75698e705,726,0,666,0,180,0,0,0,0,owner=SinglePlayer
/gimmick_graveyard_vampire_queen,gimmick_graveyard_vampire_queen,552214aa095971b2,738,0,672,0,180,0,0,0,0,owner=SinglePlayer
/gimmick_graveyard_vampire_queen,gimmick_graveyard_vampire_queen,5c9da50f2bd43102,720,0,678,0,180,0,0,0,0,owner=SinglePlayer
/gimmick_graveyard_vampire_queen,gimmick_graveyard_vampire_queen,5e9a06d495e04ee,702,0,690,0,180,0,0,0,0,owner=SinglePlayer
/gimmick_graveyard_vampire_queen,gimmick_graveyard_vampire_queen,6407e9485cf7e5d5,708,0,684,0,180,0,0,0,0,owner=SinglePlayer
/gimmick_graveyard_vampire_queen,gimmick_graveyard_vampire_queen,65414c9414c3b7db,738,0,660,0,180,0,0,0,0,owner=SinglePlayer
/gimmick_graveyard_vampire_queen,gimmick_graveyard_vampire_queen,6b1fe2a11635bc04,732,0,672,0,180,0,0,0,0,owner=SinglePlayer
/gimmick_graveyard_vampire_queen,gimmick_graveyard_vampire_queen,6d0cf3206e5a735e,732,0,684,0,180,0,0,0,0,owner=SinglePlayer
/gimmick_graveyard_vampire_queen,gimmick_graveyard_vampire_queen,6edb05324f3cc987,732,0,678,0,180,0,0,0,0,owner=SinglePlayer
/gimmick_graveyard_vampire_queen,gimmick_graveyard_vampire_queen,6f98bd135cd33dc4,738,0,678,0,180,0,0,0,0,owner=SinglePlayer
/gimmick_graveyard_vampire_queen,gimmick_graveyard_vampire_queen,73fa0ea632f096d0,708,0,690,0,180,0,0,0,0,owner=SinglePlayer
/gimmick_graveyard_vampire_queen,gimmick_graveyard_vampire_queen,756319a4621ebbe5,702,0,678,0,180,0,0,0,0,owner=SinglePlayer
/gimmick_graveyard_vampire_queen,gimmick_graveyard_vampire_queen,7911f9fc64804d2b,726,0,678,0,180,0,0,0,0,owner=SinglePlayer
/gimmick_graveyard_vampire_queen,gimmick_graveyard_vampire_queen,7d3d9525414217f8,708,0,666,0,180,0,0,0,0,owner=SinglePlayer
/gimmick_graveyard_vampire_queen,gimmick_graveyard_vampire_queen,bbaa490ccf11ad,738,0,666,0,180,0,0,0,0,owner=SinglePlayer
/gimmick_graveyard_vampire_queen,gimmick_graveyard_vampire_queen,d42e53123e75128,726,0,672,0,180,0,0,0,0,owner=SinglePlayer
/gimmick_graveyard_vampire_queen,gimmick_graveyard_vampire_queen,ec754364924c321,732,0,660,0,180,0,0,0,0,owner=SinglePlayer
/gimmick_guardroom,gimmick_guardroom,48c4557c467bcd66,648,0,621,0,180,0,0,0,0,
/gimmick_guardroom,gimmick_guardroom,cb5beee376de104,573,0,393,0,180,0,0,0,0,
/gimmick_guardroom_flag,gimmick_guardroom_flag,1595860553f2463b,643.5,0,622.5,0,180,0,0,0,0,owner=SinglePlayer
/gimmick_guardroom_flag,gimmick_guardroom_flag,16c55a32568fc730,601.5,0,394.5,0,180,0,0,0,0,owner=SinglePlayer
/gimmick_potionlodge,gimmick_potionlodge,262ca9306105c169,658.5,0,736.5,0,180,0,0,0,0,owner=SinglePlayer
/gimmick_powerchamber,gimmick_powerchamber,121ccb7d7f53ada6,688.5,0,775.5,0,180,0,0,0,0,owner=SinglePlayer
/gimmick_powerchamber,gimmick_powerchamber,19dd7c22fe65a7c,673.5,0,784.5,0,180,0,0,0,0,owner=SinglePlayer
/gimmick_powerchamber,gimmick_powerchamber,1cec4a326ff356a,676.5,0,781.5,0,180,0,0,0,0,owner=SinglePlayer
/gimmick_powerchamber,gimmick_powerchamber,1fca4bc839dfde8d,673.5,0,772.5,0,180,0,0,0,0,owner=SinglePlayer
/gimmick_powerchamber,gimmick_powerchamber,21f33b3c77370180,682.5,0,787.5,0,180,0,0,0,0,owner=SinglePlayer
/gimmick_powerchamber,gimmick_powerchamber,238fe62b55e1b368,688.5,0,778.5,0,180,0,0,0,0,owner=SinglePlayer
/gimmick_powerchamber,gimmick_powerchamber,24f6e0836f004fc1,685.5,0,784.5,0,180,0,0,0,0,owner=SinglePlayer
/gimmick_powerchamber,gimmick_powerchamber,29695f86062029f8,676.5,0,787.5,0,180,0,0,0,0,owner=SinglePlayer
/gimmick_powerchamber,gimmick_powerchamber,2f00e1d97f6dfb9f,688.5,0,784.5,0,180,0,0,0,0,owner=SinglePlayer
/gimmick_powerchamber,gimmick_powerchamber,3367ccfb0f4c7864,688.5,0,772.5,0,180,0,0,0,0,owner=SinglePlayer
/gimmick_powerchamber,gimmick_powerchamber,3441e71b4055a9aa,688.5,0,787.5,0,180,0,0,0,0,owner=SinglePlayer
/gimmick_powerchamber,gimmick_powerchamber,370d7cb257372232,676.5,0,772.5,0,180,0,0,0,0,owner=SinglePlayer
/gimmick_powerchamber,gimmick_powerchamber,430d97a96f1e1,679.5,0,775.5,0,180,0,0,0,0,owner=SinglePlayer
/gimmick_powerchamber,gimmick_powerchamber,506a8d5f4a900ff4,682.5,0,778.5,0,180,0,0,0,0,owner=SinglePlayer
/gimmick_powerchamber,gimmick_powerchamber,5c443e11260701ea,679.5,0,784.5,0,180,0,0,0,0,owner=SinglePlayer
/gimmick_powerchamber,gimmick_powerchamber,5fce36aa7e28981d,682.5,0,781.5,0,180,0,0,0,0,owner=SinglePlayer
/gimmick_powerchamber,gimmick_powerchamber,6c2efaf918e04c79,673.5,0,787.5,0,180,0,0,0,0,owner=SinglePlayer
/gimmick_powerchamber,gimmick_powerchamber,71f1c7382c67d5cb,673.5,0,778.5,0,180,0,0,0,0,owner=SinglePlayer
/gimmick_powerchamber,gimmick_powerchamber,728879cd6782ac31,682.5,0,772.5,0,180,0,0,0,0,owner=SinglePlayer
/gimmick_powerchamber,gimmick_powerchamber,767abaf46f5d7b5c,676.5,0,778.5,0,180,0,0,0,0,owner=SinglePlayer
/gimmick_temple,gimmick_temple,76e855397c55495e,751.5,0,685.5,0,180,0,0,0,0,owner=SinglePlayer
/gimmick_torturechamber,gimmick_torturechamber,1000a4c900d6ca27,621,0,672,0,180,0,0,0,0,owner=SinglePlayer
/gimmick_torturechamber,gimmick_torturechamber,100cc7f37f931db2,621,0,654,0,180,0,0,0,0,owner=SinglePlayer
/gimmick_torturechamber,gimmick_torturechamber,10436fca7d8ef9c2,621,0,681,0,180,0,0,0,0,owner=SinglePlayer
/gimmick_torturechamber,gimmick_torturechamber,10ef2ed143cf1e75,639,0,663,0,180,0,0,0,0,owner=SinglePlayer
/gimmick_torturechamber,gimmick_torturechamber,131f06c674f7e673,630,0,654,0,180,0,0,0,0,owner=SinglePlayer
/gimmick_torturechamber,gimmick_torturechamber,16c840ee720ac6fd,594,0,681,0,180,0,0,0,0,owner=SinglePlayer
/gimmick_torturechamber,gimmick_torturechamber,178a35b0471fef6f,603,0,690,0,180,0,0,0,0,owner=SinglePlayer
/gimmick_torturechamber,gimmick_torturechamber,186f241312bea4bd,630,0,645,0,180,0,0,0,0,owner=SinglePlayer
/gimmick_torturechamber,gimmick_torturechamber,18a3a3ba43d8d5f9,621,0,663,0,180,0,0,0,0,owner=SinglePlayer
/gimmick_torturechamber,gimmick_torturechamber,18c82a9d5aefa306,612,0,663,0,180,0,0,0,0,owner=SinglePlayer
/gimmick_torturechamber,gimmick_torturechamber,1947c024569e9707,603,0,636,0,180,0,0,0,0,owner=SinglePlayer
/gimmick_torturechamber,gimmick_torturechamber,1aac886a36fb5e40,621,0,645,0,180,0,0,0,0,owner=SinglePlayer
/gimmick_torturechamber,gimmick_torturechamber,1aff099961cfbd37,594,0,672,0,180,0,0,0,0,owner=SinglePlayer
/gimmick_torturechamber,gimmick_torturechamber,1e39cfe044f5940d,603,0,654,0,180,0,0,0,0,owner=SinglePlayer
/gimmick_torturechamber,gimmick_torturechamber,1f381303429383ac,612,0,636,0,180,0,0,0,0,owner=SinglePlayer
/gimmick_torturechamber,gimmick_torturechamber,1f741e44458f6598,603,0,681,0,180,0,0,0,0,owner=SinglePlayer
/gimmick_torturechamber,gimmick_torturechamber,214a1b675a84bf14,621,0,690,0,180,0,0,0,0,owner=SinglePlayer
/gimmick_torturechamber,gimmick_torturechamber,225e16fb0bd4115c,639,0,681,0,180,0,0,0,0,owner=SinglePlayer
/gimmick_torturechamber,gimmick_torturechamber,22a4398c42e86051,612,0,681,0,180,0,0,0,0,owner=SinglePlayer
/gimmick_torturechamber,gimmick_torturechamber,24c3fe144d0555d7,594,0,645,0,180,0,0,0,0,owner=SinglePlayer
/gimmick_torturechamber,gimmick_torturechamber,269c9d114f9e0f06,594,0,690,0,180,0,0,0,0,owner=SinglePlayer
/gimmick_torturechamber,gimmick_torturechamber,277e03964844680f,639,0,690,0,180,0,0,0,0,owner=SinglePlayer
/gimmick_torturechamber,gimmick_torturechamber,28b6e3117202e7e5,603,0,672,0,90,0,0,0,0,owner=SinglePlayer
/gimmick_torturechamber,gimmick_torturechamber,29988f5a11e449be,639,0,654,0,180,0,0,0,0,owner=SinglePlayer
/gimmick_torturechamber,gimmick_torturechamber,2d1303962297d7c4,630,0,636,0,180,0,0,0,0,owner=SinglePlayer
/gimmick_torturechamber,gimmick_torturechamber,2e22f2835a5506c8,594,0,654,0,180,0,0,0,0,owner=SinglePlayer
/gimmick_torturechamber,gimmick_torturechamber,2ed188df1f6e8645,612,0,654,0,180,0,0,0,0,owner=SinglePlayer
/gimmick_torturechamber,gimmick_torturechamber,30f17f89017bae80,630,0,672,0,180,0,0,0,0,owner=SinglePlayer
/gimmick_torturechamber,gimmick_torturechamber,3103c7bf29bfbfcd,630,0,663,0,180,0,0,0,0,owner=SinglePlayer
/gimmick_torturechamber,gimmick_torturechamber,328e6ced4f020dd4,603,0,663,0,180,0,0,0,0,owner=SinglePlayer
/gimmick_torturechamber,gimmick_torturechamber,35ee24c22cb898b7,594,0,663,0,180,0,0,0,0,owner=SinglePlayer
/gimmick_torturechamber,gimmick_torturechamber,3b12a08f47a7d8d3,639,0,645,0,180,0,0,0,0,owner=SinglePlayer
/gimmick_torturechamber,gimmick_torturechamber,3d462ee601aa0187,612,0,690,0,180,0,0,0,0,owner=SinglePlayer
/gimmick_torturechamber,gimmick_torturechamber,3d717c725360b8bf,621,0,636,0,180,0,0,0,0,owner=SinglePlayer
/gimmick_torturechamber,gimmick_torturechamber,3e41a02b14b1fd0e,630,0,681,0,180,0,0,0,0,owner=SinglePlayer
/gimmick_torturechamber,gimmick_torturechamber,3f36cf9f2ab9facb,612,0,645,0,180,0,0,0,0,owner=SinglePlayer
/gimmick_torturechamber,gimmick_torturechamber,3f8a8f880e25f837,639,0,672,0,180,0,0,0,0,owner=SinglePlayer
/gimmick_torturechamber,gimmick_torturechamber,43af87c83a90b02b,612,0,672,0,180,0,0,0,0,owner=SinglePlayer
/gimmick_torturechamber,gimmick_torturechamber,f4becd4763c4517,603,0,645,0,180,0,0,0,0,owner=SinglePlayer
/gimmick_torturechamber,gimmick_torturechamber,f5830fc41ff74a4,630,0,690,0,180,0,0,0,0,owner=SinglePlayer
/gimmick_totem,gimmick_totem,2ee7738514eba817,753,0,708,0,180,0,0,0,0,owner=SinglePlayer
/gimmick_workshop,gimmick_workshop,1d204f53010fd147,535.5,0,385.5,0,180,0,0,0,0,owner=SinglePlayer
/gimmick_workshop,gimmick_workshop,1e99711105c9a9e4,604.5,0,736.5,0,180,0,0,0,0,owner=SinglePlayer
/gimmick_workshop_battery,gimmick_workshop_battery,263c5e8007bc066a,624,0,736.5,0,180,0,0,0,0,owner=SinglePlayer
/goals/goal_common_skir_destroy_spawner,goal_common_skir_destroy_spawner,1f1e5e1b3dcc5c4a,0,0,0,0,0,0,0,0,0,accessibleByScript
/hero_priestess_common,hero_priestess_common,47bd1dd2721849f8,557.805,0,598.774,0,180,0,0,0,0,owner=SinglePlayer
/hero_priestess_common,hero_priestess_common,4d99f9735cb432b,537.548,0,598.753,0,0.89,0,0,0,0,owner=SinglePlayer
/hero_priestess_common,hero_priestess_common,61ca1421b267bdc,539.524,0,598.47,0,180,0,0,0,0,owner=SinglePlayer
/hero_priestess_common,hero_priestess_common,7e7e6e2d012927ae,556.139,0,598.912,0,0.89,0,0,0,0,owner=SinglePlayer
/hero_priestess_elite,hero_priestess_elite,1fbdea543dfaaa14,543.457,0,599.068,0,0.07,0,0,0,0,owner=SinglePlayer
/hero_priestess_elite,hero_priestess_elite,4e0fe82613afb9a0,545.387,0,598.749,0,180,0,0,0,0,owner=SinglePlayer
/hero_priestess_elite,hero_priestess_elite,5d392943287b3109,563.805,0,598.774,0,180,0,0,0,0,owner=SinglePlayer
/hero_priestess_elite,hero_priestess_elite,7b6d4259093a0704,562.084,0,599.158,0,0.07,0,0,0,0,owner=SinglePlayer
/hero_priestess_gold,hero_priestess_gold,1dd6b116265e82ef,569.805,0,598.774,0,180,0,0,0,0,owner=SinglePlayer
/hero_priestess_gold,hero_priestess_gold,63e338da23df4a1e,568.139,0,598.912,0,358.54,0,0,0,0,owner=SinglePlayer
/hero_priestess_gold,hero_priestess_gold,6c0017822f38bf61,549.635,0,599.221,0,358.54,0,0,0,0,owner=SinglePlayer
/hero_priestess_gold,hero_priestess_gold,6d92e70965299777,551.442,0,598.916,0,180,0,0,0,0,owner=SinglePlayer
/rooms/room_arcanium,room_arcanium,685e65946619ed22,637.5,0,709.5,0,180,0,0,0,0,accessibleByScript;owner=SinglePlayer;TileArea.Tiles=212 233#212 234#212 235#212 236#212 237#212 238#212 239#212 240#211 233#211 234#211 235#211 236#211 237#211 238#211 239#211 240#211 241#211 242#212 241#212 242#213 233#213 234#213 235#213 236#213 237#213 238#213 239#213 240#213 241#213 242#214 233#214 234#214 235#214 236#214 237#214 238#214 239#214 240#214 241#214 242#215 233#215 234#215 235#215 236#215 237#215 238#215 239#215 240#215 241#215 242#216 233#216 234#216 235#216 236#216 237#216 238#216 239#216 240#216 241#216 242#217 233#217 234#217 235#217 236#217 237#217 238#217 239#217 240#217 241#217 242#218 233#218 234#218 235#218 236#218 237#218 238#218 239#218 240#218 241#218 242#219 233#219 234#219 235#219 236#219 237#219 238#219 239#219 240#219 241#219 242#220 233#220 234#220 235#220 236#220 237#220 238#220 239#220 240#220 241#220 242
/rooms/room_arena,room_arena,7419abec3da4338f,748.565,0,622.193,0,180,0,0,0,0,owner=SinglePlayer;TileArea.Tiles=240 198#240 199#240 200#240 201#240 202#240 203#240 204#240 205#240 206#240 207#240 208#240 209#240 210#240 211#240 212#240 213#240 214#240 215#240 216#240 217#241 198#241 199#241 200#241 201#241 202#241 203#241 204#241 205#241 206#241 207#241 208#241 209#241 210#241 211#241 212#241 213#241 214#241 215#241 216#241 217#242 198#242 199#242 200#242 201#242 202#242 203#242 204#242 205#242 206#242 207#242 208#242 209#242 210#242 211#242 212#242 213#242 214#242 215#242 216#242 217#243 198#243 199#243 200#243 201#243 202#243 203#243 204#243 205#243 206#243 207#243 208#243 209#243 210#243 211#243 212#243 213#243 214#243 215#243 216#243 217#244 198#244 199#244 200#244 201#244 202#244 203#244 204#244 205#244 206#244 207#244 208#244 209#244 210#244 211#244 212#244 213#244 214#244 215#244 216#244 217#245 198#245 199#245 200#245 201#245 202#245 203#245 204#245 205#245 206#245 207#245 208#245 209#245 210#245 211#245 212#245 213#245 214#245 215#245 216#245 217#246 198#246 199#246 200#246 201#246 202#246 203#246 204#246 205#246 206#246 207#246 208#246 209#246 210#246 211#246 212#246 213#246 214#246 215#246 216#246 217#247 198#247 199#247 200#247 201#247 202#247 203#247 204#247 205#247 206#247 207#247 208#247 209#247 210#247 211#247 212#247 213#247 214#247 215#247 216#247 217#248 198#248 199#248 200#248 201#248 202#248 203#248 204#248 205#248 206#248 207#248 208#248 209#248 210#248 211#248 212#248 213#248 214#248 215#248 216#248 217#249 198#249 199#249 200#249 201#249 202#249 203#249 204#249 205#249 206#249 207#249 208#249 209#249 210#249 211#249 212#249 213#249 214#249 215#249 216#249 217#250 198#250 199#250 200#250 201#250 202#250 203#250 204#250 205#250 206#250 207#250 208#250 209#250 210#250 211#250 212#250 213#250 214#250 215#250 216#250 217#251 198#251 199#251 200#251 201#251 202#251 203#251 204#251 205#251 206#251 207#251 208#251 209#251 210#251 211#251 212#251 213#251 214#251 215#251 216#251 217#252 198#252 199#252 200#252 201#252 202#252 203#252 204#252 205#252 206#252 207#252 208#252 209#252 210#252 211#252 212#252 213#252 214#252 215#252 216#252 217#253 198#253 199#253 200#253 201#253 202#253 203#253 204#253 205#253 206#253 207#253 208#253 209#253 210#253 211#253 212#253 213#253 214#253 215#253 216#253 217#254 198#254 199#254 200#254 201#254 202#254 203#254 204#254 205#254 206#254 207#254 208#254 209#254 210#254 211#254 212#254 213#254 214#254 215#254 216#254 217#255 198#255 199#255 200#255 201#255 202#255 203#255 204#255 205#255 206#255 207#255 208#255 209#255 210#255 211#255 212#255 213#255 214#255 215#255 216#255 217#256 198#256 199#256 200#256 201#256 202#256 203#256 204#256 205#256 206#256 207#256 208#256 209#256 210#256 211#256 212#256 213#256 214#256 215#256 216#256 217#257 198#257 199#257 200#257 201#257 202#257 203#257 204#257 205#257 206#257 207#257 208#257 209#257 210#257 211#257 212#257 213#257 214#257 215#257 216#257 217#258 198#258 199#258 200#258 201#258 202#258 203#258 204#258 205#258 206#258 207#258 208#258 209#258 210#258 211#258 212#258 213#258 214#258 215#258 216#258 217#259 198#259 199#259 200#259 201#259 202#259 203#259 204#259 205#259 206#259 207#259 208#259 209#259 210#259 211#259 212#259 213#259 214#259 215#259 216#259 217
/rooms/room_brewery,room_brewery,2464d08d6c8f8c33,600,0,418.5,0,180,0,0,0,0,accessibleByScript;owner=SinglePlayer;TileArea.Tiles=222 244#222 245#222 246#222 247#222 248#222 249#222 250#222 251#222 252#222 253#223 244#223 245#223 246#223 247#223 248#223 249#223 250#223 251#223 252#223 253#224 244#224 245#224 246#224 247#224 248#224 249#224 250#224 251#224 252#224 253#225 244#225 245#225 246#225 247#225 248#225 249#225 250#225 251#225 252#225 253#226 244#226 245#226 246#226 247#226 248#226 249#226 250#226 251#226 252#226 253#227 244#227 245#227 246#227 247#227 248#227 249#227 250#227 251#227 252#227 253#228 244#228 245#228 246#228 247#228 248#228 249#228 250#228 251#228 252#228 253#229 244#229 245#229 246#229 247#229 248#229 249#229 250#229 251#229 252#229 253#230 244#230 245#230 246#230 247#230 248#230 249#230 250#230 251#230 252#230 253#231 244#231 245#231 246#231 247#231 248#231 249#231 250#231 251#231 252#231 253
/rooms/room_crypta,room_crypta,3e110f644b5137ef,553.5,0,613.5,0,180,0,0,0,0,owner=SinglePlayer;TileArea.Tiles=175 198#175 199#175 200#175 201#175 202#175 203#175 204#175 205#175 206#175 207#175 208#176 198#176 199#176 200#176 201#176 202#176 203#176 204#176 205#176 206#176 207#176 208#177 198#177 199#177 200#177 201#177 202#177 203#177 204#177 205#177 206#177 207#177 208#178 198#178 199#178 200#178 201#178 202#178 203#178 204#178 205#178 206#178 207#178 208#179 198#179 199#179 200#179 201#179 202#179 203#179 204#179 205#179 206#179 207#179 208#180 198#180 199#180 200#180 201#180 202#180 203#180 204#180 205#180 206#180 207#180 208#181 198#181 199#181 200#181 201#181 202#181 203#181 204#181 205#181 206#181 207#181 208#182 198#182 199#182 200#182 201#182 202#182 203#182 204#182 205#182 206#182 207#182 208#183 198#183 199#183 200#183 201#183 202#183 203#183 204#183 205#183 206#183 207#183 208#184 198#184 199#184 200#184 201#184 202#184 203#184 204#184 205#184 206#184 207#184 208#185 198#185 199#185 200#185 201#185 202#185 203#185 204#185 205#185 206#185 207#185 208#186 198#186 199#186 200#186 201#186 202#186 203#186 204#186 205#186 206#186 207#186 208#187 198#187 199#187 200#187 201#187 202#187 203#187 204#187 205#187 206#187 207#187 208#188 198#188 199#188 200#188 201#188 202#188 203#188 204#188 205#188 206#188 207#188 208#189 198#189 199#189 200#189 201#189 202#189 203#189 204#189 205#189 206#189 207#189 208#190 198#190 199#190 200#190 201#190 202#190 203#190 204#190 205#190 206#190 207#190 208#191 198#191 199#191 200#191 201#191 202#191 203#191 204#191 205#191 206#191 207#191 208#192 198#192 199#192 200#192 201#192 202#192 203#192 204#192 205#192 206#192 207#192 208#193 198#193 199#193 200#193 201#193 202#193 203#193 204#193 205#193 206#193 207#193 208#194 198#194 199#194 200#194 201#194 202#194 203#194 204#194 205#194 206#194 207#194 208#175 210#176 210#177 210#178 210#179 210#180 210#181 210#182 210#183 210#184 210#185 210#186 210#187 210#188 210#189 210#190 210#191 210#192 210#193 210#194 210#175 209#176 209#177 209#178 209#179 209#180 209#181 209#182 209#183 209#184 209#185 209#186 209#187 209#188 209#189 209#190 209#191 209#192 209#193 209#194 209
/rooms/room_crypta,room_crypta,65cc490066ac9640,860.425,0,773.774,0,245.79,0,0,0,0,owner=SinglePlayer;TileArea.Tiles=219 214#219 215#219 216#220 214#220 215#220 216#220 217#221 216#221 217#222 216#222 217#219 208#219 209#219 210#219 211#219 212#219 213#220 208#220 209#220 210#220 211#220 212#220 213#223 216#223 217#224 216#224 217#225 216#225 217#226 216#226 217#227 216#227 217#228 216#228 217#229 216#229 217#219 200#219 201#219 202#219 203#219 204#219 205#219 206#219 207#219 217#220 200#220 201#220 202#220 203#220 204#220 205#220 206#220 207#221 200#221 201#222 200#222 201#223 200#223 201#224 200#224 201#225 200#225 201#226 200#226 201#227 200#227 201#228 200#228 201#229 200#229 201#230 200#230 201#230 216#230 217#231 200#231 201#231 216#231 217#232 200#232 201#232 216#232 217#233 200#233 201#233 216#233 217#234 200#234 201#234 216#234 217#235 200#235 201#235 202#235 203#235 204#235 205#235 206#235 207#235 208#235 209#235 210#235 211#235 212#235 213#235 214#235 215#235 216#235 217#236 200#236 201#236 202#236 203#236 204#236 205#236 206#236 207#236 208#236 209#236 210#236 211#236 212#236 213#236 214#236 215#236 216#236 217#221 208#221 209#221 210#221 211#221 212#221 213#221 214#221 215#222 208#222 209#222 210#222 211#222 212#222 213#222 214#222 215#223 208#223 209#223 210#223 211#223 212#223 213#223 214#223 215#224 208#224 209#224 210#224 211#224 212#224 213#224 214#224 215#225 208#225 209#225 210#225 211#225 212#225 213#225 214#225 215#226 208#226 209#226 210#226 211#226 212#226 213#226 214#226 215#227 208#227 209#227 210#227 211#227 212#227 213#227 214#227 215#228 208#228 209#228 210#228 211#228 212#228 213#228 214#228 215#229 202#229 203#229 204#229 205#229 206#229 207#230 202#230 203#230 204#230 205#230 206#230 207#231 202#231 203#231 204#231 205#231 206#231 207#232 202#232 203#232 204#232 205#232 206#232 207#233 202#233 203#233 204#233 205#233 206#233 207#234 202#234 203#234 204#234 205#234 206#234 207#236 199#237 199#237 200#237 201#219 198#219 199#220 198#220 199#221 198#221 199#221 202#221 203#221 204#221 205#221 206#221 207#222 198#222 199#222 202#222 203#222 204#222 205#222 206#222 207#223 198#223 199#223 202#223 203#223 204#223 205#223 206#223 207#224 198#224 199#224 202#224 203#224 204#224 205#224 206#224 207#225 198#225 199#225 202#225 203#225 204#225 205#225 206#225 207#226 198#226 199#226 202#226 203#226 204#226 205#226 206#226 207#227 198#227 199#227 202#227 203#227 204#227 205#227 206#227 207#228 198#228 199#228 202#228 203#228 204#228 205#228 206#228 207#229 198#229 199#229 208#229 209#229 210#229 211#229 212#229 213#229 214#229 215#230 198#230 199#230 208#230 209#230 210#230 211#230 212#230 213#230 214#230 215#231 198#231 199#231 208#231 209#231 210#231 211#231 212#231 213#231 214#231 215#232 198#232 199#232 208#232 209#232 210#232 211#232 212#232 213#232 214#232 215#233 198#233 199#233 208#233 209#233 210#233 211#233 212#233 213#233 214#233 215#234 198#234 199#234 208#234 209#234 210#234 211#234 212#234 213#234 214#234 215#235 198#235 199#236 198#237 198#237 202#237 203#237 204#237 205#237 206#237 207#237 208#237 209#237 210#237 211#237 212#237 213#237 214#237 215#237 216#237 217#238 198#238 199#238 200#238 201#238 202#238 203#238 204#238 205#238 206#238 207#238 208#238 209#238 210#238 211#238 212#238 213#238 214#238 215#238 216#238 217
/rooms/room_evilvault41,room_evilvault,7921381c19d00256,781.5,0,1030.5,0,180,0,0,0,0,accessibleByScript;owner=SinglePlayer;TileArea.Tiles=211 255#211 256#211 257#211 258#211 259#211 260#211 261#211 262#211 263#211 264#212 255#212 256#212 257#212 258#212 259#212 260#212 261#212 262#212 263#212 264#213 255#213 256#213 257#213 258#213 259#213 260#213 261#213 262#213 263#213 264#214 255#214 256#214 257#214 258#214 259#214 260#214 261#214 262#214 263#214 264#215 255#215 256#215 257#215 258#215 259#215 260#215 261#215 262#215 263#215 264#216 255#216 256#216 257#216 258#216 259#216 260#216 261#216 262#216 263#216 264#217 255#217 256#217 257#217 258#217 259#217 260#217 261#217 262#217 263#217 264#218 255#218 256#218 257#218 258#218 259#218 260#218 261#218 262#218 263#218 264#219 255#219 256#219 257#219 258#219 259#219 260#219 261#219 262#219 263#219 264#220 255#220 256#220 257#220 258#220 259#220 260#220 261#220 262#220 263#220 264
/rooms/room_graveyard,room_graveyard,6303f36b0bc3b870,718.5,0,673.5,0,178.14,0,0,0,0,owner=SinglePlayer;TileArea.Tiles=233 220#233 221#233 222#234 219#234 220#234 221#234 222#235 219#235 220#235 221#235 222#236 219#236 220#236 221#236 222#233 219#233 223#233 224#233 225#233 226#233 227#233 228#234 223#234 224#234 225#234 226#234 227#234 228#235 223#235 224#235 225#235 226#235 227#235 228#236 223#236 224#236 225#236 226#236 227#236 228#237 219#237 220#237 221#237 222#237 223#237 224#237 225#237 226#237 227#237 228#238 219#238 220#238 221#238 222#238 223#238 224#238 225#238 226#238 227#238 228#239 219#239 220#239 221#239 222#239 223#239 224#239 225#239 226#239 227#239 228#240 219#240 220#240 221#240 222#240 223#240 224#240 225#240 226#240 227#240 228#241 219#241 220#241 221#241 222#241 223#241 224#241 225#241 226#241 227#241 228#242 219#242 220#242 221#242 222#242 223#242 224#242 225#242 226#242 227#242 228#233 229#233 230#234 229#234 230#235 229#235 230#236 229#236 230#237 229#237 230#238 229#238 230#239 229#239 230#240 229#240 230#241 229#241 230#242 229#242 230#243 219#243 220#243 221#243 222#243 223#243 224#243 225#243 226#243 227#243 228#244 219#244 220#244 221#244 222#244 223#244 224#244 225#244 226#244 227#244 228#245 219#245 220#245 221#245 222#245 223#245 224#245 225#245 226#245 227#245 228#246 219#246 220#246 221#246 222#246 223#246 224#246 225#246 226#246 227#246 228#243 229#243 230#244 229#244 230#245 229#245 230#246 229#246 230#233 231#234 231#235 231#236 231#237 231#238 231#239 231#240 231#241 231#242 231#243 231#244 231#245 231#246 231
/rooms/room_guardroom,room_guardroom,1d87589b6aa04a92,637.5,0,610.5,0,180,0,0,0,0,accessibleByScript;owner=SinglePlayer;TileArea.Tiles=212 203#212 204#212 205#212 206#212 207#212 208#213 203#213 204#213 205#213 206#213 207#213 208#214 203#214 204#214 205#214 206#214 207#214 208#215 203#215 204#215 205#215 206#215 207#215 208#216 203#216 204#216 205#216 206#216 207#216 208#217 203#217 204#217 205#217 206#217 207#217 208#211 203#211 204#211 205#211 206#211 207#211 208#212 202#213 202#214 202#215 202#216 202#217 202#207 199#207 200#207 201#207 202#208 198#208 199#208 200#208 201#208 202#209 198#209 199#209 200#209 201#209 202#210 198#210 199#210 200#210 201#210 202#211 198#211 199#211 200#211 201#211 202#207 198#207 203#207 204#207 205#207 206#207 207#207 208#208 203#208 204#208 205#208 206#208 207#208 208#209 203#209 204#209 205#209 206#209 207#209 208#210 203#210 204#210 205#210 206#210 207#210 208#212 198#212 199#212 200#212 201#213 198#213 199#213 200#213 201#214 198#214 199#214 200#214 201#215 198#215 199#215 200#215 201#216 198#216 199#216 200#216 201#217 198#217 199#217 200#217 201
/rooms/room_guardroom2,room_guardroom,2bdd085c1d8af03c,586.5,0,376.5,0,180,0,0,0,0,accessibleByScript;owner=SinglePlayer;TileArea.Tiles=191 120#191 121#191 122#191 123#191 124#192 120#192 121#192 122#192 123#192 124#193 120#193 121#193 122#193 123#193 124#194 120#194 121#194 122#194 123#194 124#195 120#195 121#195 122#195 123#195 124#196 120#196 121#196 122#196 123#196 124#197 120#197 121#197 122#197 123#197 124#198 120#198 121#198 122#198 123#198 124#199 120#199 121#199 122#199 123#199 124#190 121#190 122#190 123#190 124#190 125#190 126#190 127#191 125#191 126#191 127#192 125#192 126#192 127#193 125#193 126#193 127#194 125#194 126#194 127#195 125#195 126#195 127#196 125#196 126#196 127#197 125#197 126#197 127#198 125#198 126#198 127#199 125#199 126#199 127#200 124#200 125#200 126#200 127#200 121#200 122#200 123#190 128#190 129#191 128#191 129#192 128#192 129#193 128#193 129#194 128#194 129#195 128#195 129#196 128#196 129#197 128#197 129#198 128#198 129#199 128#199 129#200 128#200 129#190 130#191 130#192 130#193 130#194 130#195 130#196 130#197 130#198 130#199 130#200 130#190 131#191 131#192 131#193 131#194 131#195 131#196 131#197 131#198 131#199 131#200 131#189 120#189 121#189 122#189 123#189 124#189 125#189 126#189 127#189 128#189 129#189 130#189 131#190 120#200 120#201 120#201 121#201 122#201 123#201 124#201 125#201 126#201 127#201 128#201 129#201 130#201 131#189 132#190 132#191 132#192 132#193 132#194 132#195 132#196 132#197 132#198 132#199 132#200 132#201 132
/rooms/room_gurufarm,room_gurufarm,7e910af36eaa6db2,600,0,448.5,0,180,0,0,0,0,accessibleByScript;owner=SinglePlayer;TileArea.Tiles=200 233#200 234#200 235#200 236#200 237#200 238#200 239#200 240#200 241#200 242#201 233#201 234#201 235#201 236#201 237#201 238#201 239#201 240#201 241#201 242#202 233#202 234#202 235#202 236#202 237#202 238#202 239#202 240#202 241#202 242#203 233#203 234#203 235#203 236#203 237#203 238#203 239#203 240#203 241#203 242#204 233#204 234#204 235#204 236#204 237#204 238#204 239#204 240#204 241#204 242#205 233#205 234#205 235#205 236#205 237#205 238#205 239#205 240#205 241#205 242#206 233#206 234#206 235#206 236#206 237#206 238#206 239#206 240#206 241#206 242#207 233#207 234#207 235#207 236#207 237#207 238#207 239#207 240#207 241#207 242#208 233#208 234#208 235#208 236#208 237#208 238#208 239#208 240#208 241#208 242#209 233#209 234#209 235#209 236#209 237#209 238#209 239#209 240#209 241#209 242
/rooms/room_hideout,room_hideout,187e982c33e10151,718.5,0,700.5,0,180,0,0,0,0,owner=SinglePlayer;TileArea.Tiles=241 233#241 234#241 235#241 236#241 237#241 238#242 233#242 234#242 235#242 236#242 237#242 238#243 233#243 234#243 235#243 236#243 237#243 238#244 233#244 234#244 235#244 236#244 237#244 238#245 233#245 234#245 235#245 236#245 237#245 238#246 233#246 234#246 235#246 236#246 237#246 238
/rooms/room_necrodancicon,room_necrodancicon,757abab859725f93,493.5,0,526.5,0,180,0,0,0,0,owner=SinglePlayer;TileArea.Tiles=248 219#248 220#248 221#248 222#248 223#248 224#249 219#249 220#249 221#249 222#249 223#249 224#250 219#250 220#250 221#250 222#250 223#250 224#251 219#251 220#251 221#251 222#251 223#251 224#252 219#252 220#252 221#252 222#252 223#252 224#253 219#253 220#253 221#253 222#253 223#253 224
/rooms/room_potionlodge,room_potionlodge,7188ad7b268488f1,600,0,418.5,0,180,0,0,0,0,accessibleByScript;owner=SinglePlayer;TileArea.Tiles=211 244#211 245#211 246#211 247#211 248#211 249#211 250#211 251#211 252#211 253#212 244#212 245#212 246#212 247#212 248#212 249#212 250#212 251#212 252#212 253#213 244#213 245#213 246#213 247#213 248#213 249#213 250#213 251#213 252#213 253#214 244#214 245#214 246#214 247#214 248#214 249#214 250#214 251#214 252#214 253#215 244#215 245#215 246#215 247#215 248#215 249#215 250#215 251#215 252#215 253#216 244#216 245#216 246#216 247#216 248#216 249#216 250#216 251#216 252#216 253#217 244#217 245#217 246#217 247#217 248#217 249#217 250#217 251#217 252#217 253#218 244#218 245#218 246#218 247#218 248#218 249#218 250#218 251#218 252#218 253#219 244#219 245#219 246#219 247#219 248#219 249#219 250#219 251#219 252#219 253#220 244#220 245#220 246#220 247#220 248#220 249#220 250#220 251#220 252#220 253
/rooms/room_powerchamber,room_powerchamber,2b797e455251107e,679.5,0,778.5,0,180,0,0,0,0,owner=SinglePlayer;TileArea.Tiles=222 255#222 256#222 257#222 258#222 259#222 260#222 261#222 262#222 263#223 255#223 256#223 257#223 258#223 259#223 260#223 261#223 262#223 263#224 255#224 256#224 257#224 258#224 259#224 260#224 261#224 262#224 263#225 255#225 256#225 257#225 258#225 259#225 260#225 261#225 262#225 263#226 255#226 256#226 257#226 258#226 259#226 260#226 261#226 262#226 263#227 255#227 256#227 257#227 258#227 259#227 260#227 261#227 262#227 263#228 255#228 256#228 257#228 258#228 259#228 260#228 261#228 262#228 263#229 255#229 256#229 257#229 258#229 259#229 260#229 261#229 262#229 263#230 255#230 256#230 257#230 258#230 259#230 260#230 261#230 262#230 263#231 255#231 256#231 257#231 258#231 259#231 260#231 261#231 262#231 263#222 264#223 264#224 264#225 264#226 264#227 264#228 264#229 264#230 264#231 264
/rooms/room_prison,room_prison,426e373025bcb58b,605.163,0,612.009,0,180,0,0,0,0,owner=SinglePlayer;TileArea.Tiles=196 198#196 199#196 200#196 201#196 202#196 203#196 204#196 205#196 206#196 207#196 208#197 198#197 199#197 200#197 201#197 202#197 203#197 204#197 205#197 206#197 207#197 208#198 198#198 199#198 200#198 201#198 202#198 203#198 204#198 205#198 206#198 207#198 208#199 198#199 199#199 200#199 201#199 202#199 203#199 204#199 205#199 206#199 207#199 208#200 198#200 199#200 200#200 201#200 202#200 203#200 204#200 205#200 206#200 207#200 208#201 198#201 199#201 200#201 201#201 202#201 203#201 204#201 205#201 206#201 207#201 208#202 198#202 199#202 200#202 201#202 202#202 203#202 204#202 205#202 206#202 207#202 208#203 198#203 199#203 200#203 201#203 202#203 203#203 204#203 205#203 206#203 207#203 208#204 198#204 199#204 200#204 201#204 202#204 203#204 204#204 205#204 206#204 207#204 208#205 198#205 199#205 200#205 201#205 202#205 203#205 204#205 205#205 206#205 207#205 208
/rooms/room_relaxchamber,room_relaxchamber,14b79fba58a52505,589.5,0,706.5,0,180,0,0,0,0,owner=SinglePlayer;TileArea.Tiles=233 233#233 234#233 235#233 236#233 237#233 238#234 233#234 234#234 235#234 236#234 237#234 238#235 233#235 234#235 235#235 236#235 237#235 238#236 233#236 234#236 235#236 236#236 237#236 238#237 233#237 234#237 235#237 236#237 237#237 238#238 233#238 234#238 235#238 236#238 237#238 238#239 233#239 234#239 235#239 236#239 237#239 238
/rooms/room_temple,room_temple,3387a449099bef27,766.5,0,700.5,0,180,0,0,0,0,owner=SinglePlayer;TileArea.Tiles=248 226#248 227#248 228#248 229#248 230#248 231#249 226#249 227#249 228#249 229#249 230#249 231#250 226#250 227#250 228#250 229#250 230#250 231#251 226#251 227#251 228#251 229#251 230#251 231#252 226#252 227#252 228#252 229#252 230#252 231#253 226#253 227#253 228#253 229#253 230#253 231
/rooms/room_torturechamber,room_torturechamber,5dc9a7cd49fba797,619.604,0,658.732,0,180,0,0,0,0,owner=SinglePlayer;TileArea.Tiles=199 214#199 215#199 216#199 217#199 218#199 219#199 220#199 221#199 222#199 223#199 224#199 225#199 226#199 227#199 228#199 229#199 230#199 231#200 214#200 215#200 216#200 217#200 218#200 219#200 220#200 221#200 222#200 223#200 224#200 225#200 226#200 227#200 228#200 229#200 230#200 231#201 214#201 215#201 216#201 217#201 218#201 219#201 220#201 221#201 222#201 223#201 224#201 225#201 226#201 227#201 228#201 229#201 230#201 231#202 214#202 215#202 216#202 217#202 218#202 219#202 220#202 221#202 222#202 223#202 224#202 225#202 226#202 227#202 228#202 229#202 230#202 231#203 214#203 215#203 216#203 217#203 218#203 219#203 220#203 221#203 222#203 223#203 224#203 225#203 226#203 227#203 228#203 229#203 230#203 231#204 214#204 215#204 216#204 217#204 218#204 219#204 220#204 221#204 222#204 223#204 224#204 225#204 226#204 227#204 228#204 229#204 230#204 231#205 214#205 215#205 216#205 217#205 218#205 219#205 220#205 221#205 222#205 223#205 224#205 225#205 226#205 227#205 228#205 229#205 230#205 231#206 214#206 215#206 216#206 217#206 218#206 219#206 220#206 221#206 222#206 223#206 224#206 225#206 226#206 227#206 228#206 229#206 230#206 231#207 214#207 215#207 216#207 217#207 218#207 219#207 220#207 221#207 222#207 223#207 224#207 225#207 226#207 227#207 228#207 229#207 230#207 231#208 214#208 215#208 216#208 217#208 218#208 219#208 220#208 221#208 222#208 223#208 224#208 225#208 226#208 227#208 228#208 229#208 230#208 231#209 214#209 215#209 216#209 217#209 218#209 219#209 220#209 221#209 222#209 223#209 224#209 225#209 226#209 227#209 228#209 229#209 230#209 231#210 214#210 215#210 216#210 217#210 218#210 219#210 220#210 221#210 222#210 223#210 224#210 225#210 226#210 227#210 228#210 229#210 230#210 231#211 214#211 215#211 216#211 217#211 218#211 219#211 220#211 221#211 222#211 223#211 224#211 225#211 226#211 227#211 228#211 229#211 230#211 231#212 214#212 215#212 216#212 217#212 218#212 219#212 220#212 221#212 222#212 223#212 224#212 225#212 226#212 227#212 228#212 229#212 230#212 231#213 214#213 215#213 216#213 217#213 218#213 219#213 220#213 221#213 222#213 223#213 224#213 225#213 226#213 227#213 228#213 229#213 230#213 231#214 214#214 215#214 216#214 217#214 218#214 219#214 220#214 221#214 222#214 223#214 224#214 225#214 226#214 227#214 228#214 229#214 230#214 231#215 214#215 215#215 216#215 217#215 218#215 219#215 220#215 221#215 222#215 223#215 224#215 225#215 226#215 227#215 228#215 229#215 230#215 231#216 214#216 215#216 216#216 217#216 218#216 219#216 220#216 221#216 222#216 223#216 224#216 225#216 226#216 227#216 228#216 229#216 230#216 231#217 214#217 215#217 216#217 217#217 218#217 219#217 220#217 221#217 222#217 223#217 224#217 225#217 226#217 227#217 228#217 229#217 230#217 231#196 211#196 212#196 213#196 214#196 215#196 216#196 217#196 218#196 219#196 220#196 221#196 222#196 223#196 224#196 225#196 226#196 227#196 228#196 229#196 230#196 231#197 211#197 212#197 213#197 214#197 215#197 216#197 217#197 218#197 219#197 220#197 221#197 222#197 223#197 224#197 225#197 226#197 227#197 228#197 229#197 230#197 231#198 211#198 212#198 213#198 214#198 215#198 216#198 217#198 218#198 219#198 220#198 221#198 222#198 223#198 224#198 225#198 226#198 227#198 228#198 229#198 230#198 231#199 211#199 212#199 213#200 211#200 212#200 213#201 211#201 212#201 213#202 211#202 212#202 213#203 211#203 212#203 213#204 211#204 212#204 213#205 211#205 212#205 213#206 211#206 212#206 213#207 211#207 212#207 213#208 211#208 212#208 213#209 211#209 212#209 213#210 211#210 212#210 213#211 211#211 212#211 213#212 211#212 212#212 213#213 211#213 212#213 213#214 211#214 212#214 213#215 211#215 212#215 213#216 211#216 212#216 213#217 211#217 212#217 213#196 210#197 210#198 210#199 210#200 210#201 210#202 210#203 210#204 210#205 210#206 210#207 210#208 210#209 210#210 210#211 210#212 210#213 210#214 210#215 210#216 210#217 210
/rooms/room_totem,room_totem,9eb113e26c63c11,766.5,0,754.5,0,180,0,0,0,0,owner=SinglePlayer;TileArea.Tiles=248 233#248 234#248 235#248 236#248 237#248 238#249 233#249 234#249 235#249 236#249 237#249 238#250 233#250 234#250 235#250 236#250 237#250 238#251 233#251 234#251 235#251 236#251 237#251 238#252 233#252 234#252 235#252 236#252 237#252 238#253 233#253 234#253 235#253 236#253 237#253 238
/rooms/room_treasury1,room_treasury,4ba627fd7e81a6bd,679.5,0,712.5,0,180,0,0,0,0,accessibleByScript;owner=SinglePlayer;TileArea.Tiles=223 233#223 234#223 236#223 237#223 238#223 239#223 241#223 242#224 234#224 235#224 236#224 237#224 239#224 240#224 241#224 242#225 233#225 234#225 235#225 237#225 238#225 239#225 240#225 242#226 233#226 235#226 236#226 237#226 238#226 240#226 241#226 242#227 233#227 234#227 235#227 236#227 238#227 239#227 240#227 241#228 233#228 234#228 236#228 237#228 238#228 239#228 241#228 242#229 234#229 235#229 237#229 239#229 240#229 241#229 242#230 233#230 234#230 235#230 237#230 238#230 239#230 240#230 242#231 233#231 235#231 236#231 237#231 238#231 240#231 241#231 242#222 233#222 234#222 235#222 236#222 238#222 239#222 240#222 241#229 236
/rooms/room_vortex,room_vortex,3e7629b05c0ff7a2,553.5,0,661.5,0,180,0,0,0,0,owner=SinglePlayer;TileArea.Tiles=175 212#175 213#175 214#175 215#175 216#175 217#175 218#175 219#175 220#175 221#175 222#175 223#175 224#175 225#175 226#175 227#175 228#175 229#176 212#176 213#176 214#176 215#176 216#176 217#176 218#176 219#176 220#176 221#176 222#176 223#176 224#176 225#176 226#176 227#176 228#176 229#177 212#177 213#177 214#177 215#177 216#177 217#177 218#177 219#177 220#177 221#177 222#177 223#177 224#177 225#177 226#177 227#177 228#177 229#178 212#178 213#178 214#178 215#178 216#178 217#178 218#178 219#178 220#178 221#178 222#178 223#178 224#178 225#178 226#178 227#178 228#178 229#179 212#179 213#179 214#179 215#179 216#179 217#179 218#179 219#179 220#179 221#179 222#179 223#179 224#179 225#179 226#179 227#179 228#179 229#180 212#180 213#180 214#180 215#180 216#180 217#180 218#180 219#180 220#180 221#180 222#180 223#180 224#180 225#180 226#180 227#180 228#180 229#181 212#181 213#181 214#181 215#181 216#181 217#181 218#181 219#181 220#181 221#181 222#181 223#181 224#181 225#181 226#181 227#181 228#181 229#182 212#182 213#182 214#182 215#182 216#182 217#182 218#182 219#182 220#182 221#182 222#182 223#182 224#182 225#182 226#182 227#182 228#182 229#183 212#183 213#183 214#183 215#183 216#183 217#183 218#183 219#183 220#183 221#183 222#183 223#183 224#183 225#183 226#183 227#183 228#183 229#184 212#184 213#184 214#184 215#184 216#184 217#184 218#184 219#184 220#184 221#184 222#184 223#184 224#184 225#184 226#184 227#184 228#184 229#185 212#185 213#185 214#185 215#185 216#185 217#185 218#185 219#185 220#185 221#185 222#185 223#185 224#185 225#185 226#185 227#185 228#185 229#186 212#186 213#186 214#186 215#186 216#186 217#186 218#186 219#186 220#186 221#186 222#186 223#186 224#186 225#186 226#186 227#186 228#186 229#187 212#187 213#187 214#187 215#187 216#187 217#187 218#187 219#187 220#187 221#187 222#187 223#187 224#187 225#187 226#187 227#187 228#187 229#188 212#188 213#188 214#188 215#188 216#188 217#188 218#188 219#188 220#188 221#188 222#188 223#188 224#188 225#188 226#188 227#188 228#188 229#189 212#189 213#189 214#189 215#189 216#189 217#189 218#189 219#189 220#189 221#189 222#189 223#189 224#189 225#189 226#189 227#189 228#189 229#190 212#190 213#190 214#190 215#190 216#190 217#190 218#190 219#190 220#190 221#190 222#190 223#190 224#190 225#190 226#190 227#190 228#190 229#191 212#191 213#191 214#191 215#191 216#191 217#191 218#191 219#191 220#191 221#191 222#191 223#191 224#191 225#191 226#191 227#191 228#191 229#192 212#192 213#192 214#192 215#192 216#192 217#192 218#192 219#192 220#192 221#192 222#192 223#192 224#192 225#192 226#192 227#192 228#192 229#193 212#193 213#193 214#193 215#193 216#193 217#193 218#193 219#193 220#193 221#193 222#193 223#193 224#193 225#193 226#193 227#193 228#193 229#194 212#194 213#194 214#194 215#194 216#194 217#194 218#194 219#194 220#194 221#194 222#194 223#194 224#194 225#194 226#194 227#194 228#194 229#175 230#175 231#176 230#176 231#177 230#177 231#178 230#178 231#179 230#179 231#180 230#180 231#181 230#181 231#182 230#182 231#183 230#183 231#184 230#184 231#185 230#185 231#186 230#186 231#187 230#187 231#188 230#188 231#189 230#189 231#190 230#190 231#191 230#191 231#192 230#192 231#193 230#193 231#194 230#194 231
/rooms/room_workshop,room_workshop,1183166913cb2baf,679.5,0,712.5,0,180,0,0,0,0,accessibleByScript;owner=SinglePlayer;TileArea.Tiles=200 244#200 245#200 246#200 247#200 248#200 249#200 250#200 251#200 252#200 253#201 244#201 245#201 246#201 247#201 248#201 249#201 250#201 251#201 252#201 253#202 244#202 245#202 246#202 247#202 248#202 249#202 250#202 251#202 252#202 253#203 244#203 245#203 246#203 247#203 248#203 249#203 250#203 251#203 252#203 253#204 244#204 245#204 246#204 247#204 248#204 249#204 250#204 251#204 252#204 253#205 244#205 245#205 246#205 247#205 248#205 249#205 250#205 251#205 252#205 253#206 244#206 245#206 246#206 247#206 248#206 249#206 250#206 251#206 252#206 253#207 244#207 245#207 246#207 247#207 248#207 249#207 250#207 251#207 252#207 253#208 244#208 245#208 246#208 247#208 248#208 249#208 250#208 251#208 252#208 253#209 244#209 245#209 246#209 247#209 248#209 249#209 250#209 251#209 252#209 253
/rooms/room_workshop2,room_workshop,6463211c6d3d2ef3,534.361,0,389.529,0,180,0,0,0,0,accessibleByScript;owner=SinglePlayer;TileArea.Tiles=176 126#176 127#176 128#176 129#176 130#177 126#177 127#177 128#177 129#177 130#178 126#178 127#178 128#178 129#178 130#179 126#179 127#179 128#179 129#179 130#180 126#180 127#180 128#180 129#180 130
/room_throneroom,room_throneroom,824167e3b7393b5,676.5,0,676.5,0,180,0,0,0,0,accessibleByScript;owner=SinglePlayer;TileArea.Tiles=219 219#219 220#219 221#219 222#219 223#219 224#219 225#219 226#219 227#219 228#219 229#219 230#219 231#220 219#220 220#220 221#220 222#220 223#220 224#220 225#220 226#220 227#220 228#220 229#220 230#220 231#221 219#221 220#221 221#221 222#221 223#221 224#221 225#221 226#221 227#221 228#221 229#221 230#221 231#222 219#222 220#222 221#222 222#222 223#222 224#222 225#222 226#222 227#222 228#222 229#222 230#222 231#223 219#223 220#223 221#223 222#223 223#223 224#223 225#223 226#223 227#223 228#223 229#223 230#223 231#224 219#224 220#224 221#224 222#224 223#224 224#224 225#224 226#224 227#224 228#224 229#224 230#224 231#225 219#225 220#225 221#225 222#225 223#225 224#225 225#225 226#225 227#225 228#225 229#225 230#225 231#226 219#226 220#226 221#226 222#226 223#226 224#226 225#226 226#226 227#226 228#226 229#226 230#226 231#227 219#227 220#227 221#227 222#227 223#227 224#227 225#227 226#227 227#227 228#227 229#227 230#227 231#228 219#228 220#228 221#228 222#228 223#228 224#228 225#228 226#228 227#228 228#228 229#228 230#228 231#229 219#229 220#229 221#229 222#229 223#229 224#229 225#229 226#229 227#229 228#229 229#229 230#229 231#230 219#230 220#230 221#230 222#230 223#230 224#230 225#230 226#230 227#230 228#230 229#230 230#230 231#231 219#231 220#231 221#231 222#231 223#231 224#231 225#231 226#231 227#231 228#231 229#231 230#231 231;list=e_room_throneroom
/scripts/s_my_award,s_my_award,b6fbcd9497cda94,0,0,0,0,0,0,0,0,0,accessibleByScript;owner=SinglePlayer
/scripts/s_my_builder,s_my_builder,2a5fe1f27cf42ea2,0,0,0,0,0,0,0,0,0,accessibleByScript;owner=SinglePlayer
/scripts/s_my_create,s_my_create,3c8d4cdf4f636db3,0,0,0,0,0,0,0,0,0,accessibleByScript;owner=SinglePlayer
/scripts/s_my_create_pri kill,s_my_create_pri kill,35c3c50d60e7e981,0,0,0,0,0,0,0,0,0,accessibleByScript;owner=SinglePlayer
/scripts/s_my_create_pri,s_my_create_pri,a3408d07cf09ddc,0,0,0,0,0,0,0,0,0,accessibleByScript;owner=SinglePlayer
/scripts/s_my_evil,s_my_evil,451840905b1e0cd0,0,0,0,0,0,0,0,0,0,accessibleByScript;owner=SinglePlayer
/scripts/s_my_level_up,s_my_level_up,49f124087cc6a1f1,0,0,0,0,0,0,0,0,0,accessibleByScript;owner=SinglePlayer
/scripts/s_my_spawn,s_my_spawn,33c4c1225553ba9f,0,0,0,0,0,0,0,0,0,accessibleByScript;owner=SinglePlayer
/scripts/s_my_spawn_up,s_my_spawn_up,3df4969c15c1aa49,0,0,0,0,0,0,0,0,0,accessibleByScript;owner=SinglePlayer
/scripts/s_my_uncover,s_my_uncover,528f565c53678e9f,0,0,0,0,0,0,0,0,0,accessibleByScript;owner=SinglePlayer
/spawners/spawner_camp_my,spawner_camp_my,1a1e1f08c9f8cf,3393.317,0,446.663,0,180,0,0,0,0,list=my_spawner;MakeThenStoreInVariable.CombatTeamVariable=EntityList||g_t_spawn|;MakeThenStoreInVariable.RaidVariable=EntityList||g_r_spawn|;OutbuildingBuilder.MatchDistance=35
/spawners/spawner_camp_my,spawner_camp_my,28bfaa51d7da9f5,3452.237,0,380.653,0,180,0,0,0,0,list=my_spawner;MakeThenStoreInVariable.CombatTeamVariable=EntityList||g_t_spawn|;MakeThenStoreInVariable.RaidVariable=EntityList||g_r_spawn|;OutbuildingBuilder.MatchDistance=35
/spawners/spawner_camp_my,spawner_camp_my,32e25ca22ea2bef,3433.78,0,462.279,0,180,0,0,0,0,list=my_spawner;MakeThenStoreInVariable.CombatTeamVariable=EntityList||g_t_spawn|;MakeThenStoreInVariable.RaidVariable=EntityList||g_r_spawn|;OutbuildingBuilder.MatchDistance=35
/spawners/spawner_camp_my,spawner_camp_my,3acacae1b78f8f0,3479.818,0,423.288,0,180,0,0,0,0,list=my_spawner;MakeThenStoreInVariable.CombatTeamVariable=EntityList||g_t_spawn|;MakeThenStoreInVariable.RaidVariable=EntityList||g_r_spawn|;OutbuildingBuilder.MatchDistance=35
/spawners/spawner_camp_my,spawner_camp_my,44b2f73569c71c,3431.647,0,420.274,0,180,0,0,0,0,list=my_spawner;MakeThenStoreInVariable.CombatTeamVariable=EntityList||g_t_spawn|;MakeThenStoreInVariable.RaidVariable=EntityList||g_r_spawn|;OutbuildingBuilder.MatchDistance=35
/spawners/spawner_camp_my,spawner_camp_my,653a78e668d60bb,3500.077,0,377.206,0,180,0,0,0,0,list=my_spawner;MakeThenStoreInVariable.CombatTeamVariable=EntityList||g_t_spawn|;MakeThenStoreInVariable.RaidVariable=EntityList||g_r_spawn|;OutbuildingBuilder.MatchDistance=35
/spawners/spawner_camp_my,spawner_camp_my,72731e8006f001d,3395.97,0,484.739,0,180,0,0,0,0,list=my_spawner;MakeThenStoreInVariable.CombatTeamVariable=EntityList||g_t_spawn|;MakeThenStoreInVariable.RaidVariable=EntityList||g_r_spawn|;OutbuildingBuilder.MatchDistance=35
/spawners/spawner_camp_my,spawner_camp_my,7b4f02202c1c392,3418.774,0,354.216,0,180,0,0,0,0,list=my_spawner;MakeThenStoreInVariable.CombatTeamVariable=EntityList||g_t_spawn|;MakeThenStoreInVariable.RaidVariable=EntityList||g_r_spawn|;OutbuildingBuilder.MatchDistance=35
/spawners/spawner_camp_my,spawner_camp_my,828b3c23fa3b0b8,3363.448,0,471.229,0,180,0,0,0,0,list=my_spawner;MakeThenStoreInVariable.CombatTeamVariable=EntityList||g_t_spawn|;MakeThenStoreInVariable.RaidVariable=EntityList||g_r_spawn|;OutbuildingBuilder.MatchDistance=35
/spawners/spawner_camp_my,spawner_camp_my,862e82e0c5edfeb,3353.563,0,429.528,0,180,0,0,0,0,list=my_spawner;MakeThenStoreInVariable.CombatTeamVariable=EntityList||g_t_spawn|;MakeThenStoreInVariable.RaidVariable=EntityList||g_r_spawn|;OutbuildingBuilder.MatchDistance=35
/spawners/spawner_edboss_all,spawner_edboss_all_my,183b84417436ca9,4013.489,0,1014.227,0,180,0,0,0,0,
/spawners/spawner_edboss_all,spawner_edboss_all_my,270cfe95526275e7,3357.681,0,738.552,0,180,0,0,0,0,
/spawners/spawner_edboss_all,spawner_edboss_all_my,3999caa9607d4d45,3997.613,0,637.789,0,180,0,0,0,0,
/spawners/spawner_edboss_all,spawner_edboss_all_my,456538804b8cf98b,4005.165,0,354.28,0,180,0,0,0,0,
/spawners/spawner_edboss_all,spawner_edboss_all_my,55e773f30f05a19d,3688.72,0,713.338,0,180,0,0,0,0,
/spawners/spawner_edboss_all,spawner_edboss_all_my,59a25dbe4f6dd361,3686.111,0,364.689,0,193.27,0,0,0,0,
/spawners/spawner_edboss_all,spawner_edboss_all_my,5f3b837d695d4984,3353.828,0,356.284,0,327.14,0,0,0,0,
/spawners/spawner_edboss_all,spawner_edboss_all_my,608bff4746ff58ca,3351.882,0,1023.127,0,180,0,0,0,0,
/spawners/spawner_edboss_all,spawner_edboss_all_my,7a8db0ed04401e84,3691.438,0,1016.217,0,180,0,0,0,0,
/spawners/spawner_eddyn_builder_sandbox_my,spawner_eddyn_builder_sandbox_my,65ade2af7ac1db33,4039.822,0,1041.873,0,180,0,0,0,0,accessibleByScript;EvilDeedDynamicBuilder.Target=EntityList||my_spawner|
/spawners/spawner_eddyn_patrol_sandbox_my,spawner_eddyn_patrol_sandbox_my,2b9630955c00fee3,3312.916,0,1032.948,0,180,0,0,0,0,accessibleByScript;EvilDeedDynamicReachPosition.Target=EntityList||waypoints/waypoint_end|
/spawners/spawner_eddyn_patrol_sandbox_my1,spawner_eddyn_patrol_sandbox_my,19503b8d55358b2c,4030.701,0,325.258,0,180,0,0,0,0,accessibleByScript;EvilDeedDynamicReachPosition.Target=EntityList||waypoints/waypoint_end|
/spawners/spawner_eddyn_patrol_sandbox_my_builder,spawner_eddyn_patrol_sandbox_my,74bbb877693c3d77,4035.758,0,1038.497,0,180,0,0,0,0,accessibleByScript;EvilDeedDynamicReachPosition.RandomTargetFromList=True;EvilDeedDynamicReachPosition.Target=EntityList||waypoints/waypoint_end|
/tile_area_marker,tile_area_marker,1ec3188a1900e604,680.825,0,714.327,0,180,0,0,0,0,accessibleByScript;TileArea.Tiles=222 234#222 235#222 236#222 237#222 238#222 239#222 240#222 241#222 242#223 234#223 235#223 236#223 237#223 238#223 239#223 240#223 241#223 242#224 234#224 235#224 236#224 237#224 238#224 239#224 240#224 241#224 242#225 234#225 235#225 236#225 237#225 238#225 239#225 240#225 241#225 242#226 234#226 235#226 236#226 237#226 238#226 239#226 240#226 241#226 242#227 234#227 235#227 236#227 237#227 238#227 239#227 240#227 241#227 242#228 234#228 235#228 236#228 237#228 238#228 239#228 240#228 241#228 242#229 234#229 235#229 236#229 237#229 238#229 239#229 240#229 241#229 242#230 234#230 235#230 236#230 237#230 238#230 239#230 240#230 241#230 242#222 233#223 233#224 233#225 233#226 233#227 233#228 233#229 233#230 233#231 233#231 234#231 235#231 236#231 237#231 238#231 239#231 240#231 241#231 242
/trap_ground_spike_medium,trap_ground_spike_medium,1076c63772053e00,592.5,0,385.5,0,180,0,0,0,0,owner=SinglePlayer
/trap_ground_spike_medium,trap_ground_spike_medium,15b21d5a1f3b60c5,580.5,0,394.5,0,180,0,0,0,0,owner=SinglePlayer
/trap_ground_spike_medium,trap_ground_spike_medium,163ecf612a888004,586.5,0,379.5,0,90,0,0,0,0,owner=SinglePlayer
/trap_ground_spike_medium,trap_ground_spike_medium,18f977bd620ac4f3,586.5,0,397.5,0,90,0,0,0,0,owner=SinglePlayer
/trap_ground_spike_medium,trap_ground_spike_medium,1c13b3562f33852e,592.5,0,394.5,0,180,0,0,0,0,owner=SinglePlayer
/trap_ground_spike_medium,trap_ground_spike_medium,1d8c1e503ecb2417,586.5,0,412.5,0,180,0,0,0,0,owner=SinglePlayer
/trap_ground_spike_medium,trap_ground_spike_medium,1ea48ec666e2aca4,592.5,0,367.5,0,180,0,0,0,0,owner=SinglePlayer
/trap_ground_spike_medium,trap_ground_spike_medium,1fd56e82675587d0,595.5,0,361.5,0,90,0,0,0,0,owner=SinglePlayer
/trap_ground_spike_medium,trap_ground_spike_medium,237f25390438aa11,592.5,0,376.5,0,180,0,0,0,0,owner=SinglePlayer
/trap_ground_spike_medium,trap_ground_spike_medium,2d787155c0bf6b4,586.5,0,394.5,0,90,0,0,0,0,owner=SinglePlayer
/trap_ground_spike_medium,trap_ground_spike_medium,32feba65976faea,577.5,0,361.5,0,90,0,0,0,0,owner=SinglePlayer
/trap_ground_spike_medium,trap_ground_spike_medium,38f0cd0a2b2168e9,586.5,0,382.5,0,90,0,0,0,0,owner=SinglePlayer
/trap_ground_spike_medium,trap_ground_spike_medium,3b0f1b6862867aef,586.5,0,388.5,0,90,0,0,0,0,owner=SinglePlayer
/trap_ground_spike_medium,trap_ground_spike_medium,3cc42e617aa2a091,586.5,0,403.5,0,180,0,0,0,0,owner=SinglePlayer
/trap_ground_spike_medium,trap_ground_spike_medium,4e83c1713c526536,586.5,0,361.5,0,90,0,0,0,0,owner=SinglePlayer
/trap_ground_spike_medium,trap_ground_spike_medium,5190f7c213673093,580.5,0,385.5,0,180,0,0,0,0,owner=SinglePlayer
/trap_ground_spike_medium,trap_ground_spike_medium,556ea6d31786ae54,586.5,0,376.5,0,90,0,0,0,0,owner=SinglePlayer
/trap_ground_spike_medium,trap_ground_spike_medium,590b68e22a99b395,586.5,0,367.5,0,90,0,0,0,0,owner=SinglePlayer
/trap_ground_spike_medium,trap_ground_spike_medium,59f5db1d3d1c190d,580.5,0,367.5,0,180,0,0,0,0,owner=SinglePlayer
/trap_ground_spike_medium,trap_ground_spike_medium,5cec0cb876ed0e1b,586.5,0,364.5,0,90,0,0,0,0,owner=SinglePlayer
/trap_ground_spike_medium,trap_ground_spike_medium,5ed28d3825208854,586.5,0,370.5,0,90,0,0,0,0,owner=SinglePlayer
/trap_ground_spike_medium,trap_ground_spike_medium,6aac808a1b1fcbb5,580.5,0,376.5,0,180,0,0,0,0,owner=SinglePlayer
/trap_ground_spike_medium,trap_ground_spike_medium,701279336b62c354,586.5,0,391.5,0,90,0,0,0,0,owner=SinglePlayer
/trap_ground_spike_medium,trap_ground_spike_medium,71c89dc02ed45b02,586.5,0,385.5,0,90,0,0,0,0,owner=SinglePlayer
/trap_ground_spike_medium,trap_ground_spike_medium,7cff7b0d72660b98,586.5,0,373.5,0,90,0,0,0,0,owner=SinglePlayer
/trap_ground_spike_small,trap_ground_spike_small,2182f07c50d38239,580.5,0,334.5,0,180,0,0,0,0,owner=SinglePlayer
/trap_simple_thresher_my,trap_simple_thresher_my,1375aab970e36f95,589.5,0,361.5,0,180,0,0,0,0,owner=SinglePlayer
/trap_simple_thresher_my,trap_simple_thresher_my,19b4f62268287c7f,589.5,0,391.5,0,180,0,0,0,0,owner=SinglePlayer
/trap_simple_thresher_my,trap_simple_thresher_my,1db434f25003d2c8,589.5,0,385.5,0,180,0,0,0,0,owner=SinglePlayer
/trap_simple_thresher_my,trap_simple_thresher_my,26be92d317612e3,583.5,0,391.5,0,180,0,0,0,0,owner=SinglePlayer
/trap_simple_thresher_my,trap_simple_thresher_my,275fddfa7ad091e4,583.5,0,361.5,0,180,0,0,0,0,owner=SinglePlayer
/trap_simple_thresher_my,trap_simple_thresher_my,346fc19e25c74963,583.5,0,373.5,0,180,0,0,0,0,owner=SinglePlayer
/trap_simple_thresher_my,trap_simple_thresher_my,41521f8c2eeffdb2,589.5,0,367.5,0,180,0,0,0,0,owner=SinglePlayer
/trap_simple_thresher_my,trap_simple_thresher_my,4fad9a780684955b,589.5,0,373.5,0,180,0,0,0,0,owner=SinglePlayer
/trap_simple_thresher_my,trap_simple_thresher_my,533955227eec03b9,583.5,0,385.5,0,180,0,0,0,0,owner=SinglePlayer
/trap_simple_thresher_my,trap_simple_thresher_my,54347fef63b7a483,583.5,0,379.5,0,180,0,0,0,0,owner=SinglePlayer
/trap_simple_thresher_my,trap_simple_thresher_my,56a9c593734ee2bd,583.5,0,367.5,0,180,0,0,0,0,owner=SinglePlayer
/trap_simple_thresher_my,trap_simple_thresher_my,696533415303a9e,589.5,0,379.5,0,180,0,0,0,0,owner=SinglePlayer
/trap_simple_thresher_my,trap_simple_thresher_my,6c8787b1852add7,589.5,0,397.5,0,180,0,0,0,0,owner=SinglePlayer
/trap_simple_thresher_my,trap_simple_thresher_my,7953bbbf202c8866,583.5,0,397.5,0,180,0,0,0,0,owner=SinglePlayer
/trap_trigger_slimeball,trap_trigger_slimeball_my,985184d2e07abfb,586.5,0,417,0,180,0,0,0,0,
/trap_westernpump,trap_westernpump,11df192b730878f6,559.5,0,406.5,0,180,0,0,0,0,owner=SinglePlayer
/trap_westernpump,trap_westernpump,12b6f2ab74b2aef9,559.5,0,352.5,0,180,0,0,0,0,owner=SinglePlayer
/trap_westernpump,trap_westernpump,1370c5df6e8fe3b2,613.5,0,361.5,0,180,0,0,0,0,owner=SinglePlayer
/trap_westernpump,trap_westernpump,19cecfaf2f1046dc,613.5,0,388.5,0,180,0,0,0,0,owner=SinglePlayer
/trap_westernpump,trap_westernpump,21b36c6868fc3f4a,577.5,0,406.5,0,180,0,0,0,0,owner=SinglePlayer
/trap_westernpump,trap_westernpump,21c234cd371fb2c3,604.5,0,325.5,0,180,0,0,0,0,owner=SinglePlayer
/trap_westernpump,trap_westernpump,2a239caa3e9d39a5,568.5,0,325.5,0,180,0,0,0,0,owner=SinglePlayer
/trap_westernpump,trap_westernpump,309fa9b630610563,604.5,0,352.5,0,180,0,0,0,0,owner=SinglePlayer
/trap_westernpump,trap_westernpump,37b4dbeb3204bbd4,559.5,0,379.5,0,180,0,0,0,0,owner=SinglePlayer
/trap_westernpump,trap_westernpump,39dd46786a308241,595.5,0,325.5,0,180,0,0,0,0,owner=SinglePlayer
/trap_westernpump,trap_westernpump,3b009c8758b66e53,613.5,0,352.5,0,180,0,0,0,0,owner=SinglePlayer
/trap_westernpump,trap_westernpump,3b37a71d7758f11b,613.5,0,397.5,0,180,0,0,0,0,owner=SinglePlayer
/trap_westernpump,trap_westernpump,41a45bde7485f0fb,613.5,0,406.5,0,180,0,0,0,0,owner=SinglePlayer
/trap_westernpump,trap_westernpump,4200eb690f92a3a5,568.5,0,343.5,0,180,0,0,0,0,owner=SinglePlayer
/trap_westernpump,trap_westernpump,46231cf96b8fe63a,568.5,0,406.5,0,180,0,0,0,0,owner=SinglePlayer
/trap_westernpump,trap_westernpump,4b3050e73c46a6de,568.5,0,352.5,0,180,0,0,0,0,owner=SinglePlayer
/trap_westernpump,trap_westernpump,4bf07e3215fb759b,577.5,0,325.5,0,180,0,0,0,0,owner=SinglePlayer
/trap_westernpump,trap_westernpump,4c09e15507f15341,568.5,0,334.5,0,180,0,0,0,0,owner=SinglePlayer
/trap_westernpump,trap_westernpump,4df137ed78c9a0f5,613.5,0,379.5,0,180,0,0,0,0,owner=SinglePlayer
/trap_westernpump,trap_westernpump,557e3a8142d489cb,604.5,0,334.5,0,180,0,0,0,0,owner=SinglePlayer
/trap_westernpump,trap_westernpump,6606962a73cbeb74,604.5,0,406.5,0,180,0,0,0,0,owner=SinglePlayer
/trap_westernpump,trap_westernpump,66bddbe056aa2ae8,559.5,0,388.5,0,180,0,0,0,0,owner=SinglePlayer
/trap_westernpump,trap_westernpump,67626faf43176adb,559.5,0,361.5,0,180,0,0,0,0,owner=SinglePlayer
/trap_westernpump,trap_westernpump,6bbce81a22fd98de,586.5,0,325.5,0,180,0,0,0,0,owner=SinglePlayer
/trap_westernpump,trap_westernpump,750de1607ed953fc,613.5,0,370.5,0,180,0,0,0,0,owner=SinglePlayer
/trap_westernpump,trap_westernpump,790bdf2d5b5000a0,595.5,0,406.5,0,180,0,0,0,0,owner=SinglePlayer
/trap_westernpump,trap_westernpump,7e0a30bb251d249a,559.5,0,397.5,0,180,0,0,0,0,owner=SinglePlayer
/trap_westernpump,trap_westernpump,d3237f6b7193e4,604.5,0,343.5,0,180,0,0,0,0,owner=SinglePlayer
/trap_westernpump,trap_westernpump,e4792ff18806378,559.5,0,370.5,0,180,0,0,0,0,owner=SinglePlayer
/type_spawner_pri,type_spawner_pri,3c7b75053e71b4fd,0,0,0,0,0,0,0,0,0,
/waypoints/waypoint_b,waypoint,1a1020ea07711950,3409.869,0,407.871,0,180,0,0,0,0,accessibleByScript
/waypoints/waypoint_c,waypoint,5a5a8e56160b2301,3675,0,675,0,180,0,0,0,0,accessibleByScript
/waypoints/waypoint_e,waypoint,68af646b0c789267,635.61,0,577.4,0,180,0,0,0,0,accessibleByScript
/waypoints/waypoint_e2,waypoint,11ef7d47200d8a69,554.673,0,627.277,0,180,0,0,0,0,accessibleByScript
/waypoints/waypoint_end,waypoint,353e0b53648ab2ef,3348.881,0,350.755,0,180,0,0,0,0,accessibleByScript
/waypoints/waypoint_end1,waypoint,5da16dc684fb6fa,3350.041,0,724.848,0,180,0,0,0,0,accessibleByScript;list=waypoints/waypoint_end
/waypoints/waypoint_end2,waypoint,6bdae59054f5cb6,4011.434,0,650.893,0,180,0,0,0,0,accessibleByScript;list=waypoints/waypoint_end
/waypoints/waypoint_end3,waypoint,2c31d462251ef532,3676.453,0,1032.085,0,180,0,0,0,0,accessibleByScript;list=waypoints/waypoint_end
/waypoints/waypoint_end4,waypoint,2d39955a72cb2668,3678.743,0,377.013,0,180,0,0,0,0,accessibleByScript;list=waypoints/waypoint_end
/waypoints/waypoint_m,waypoint,655db5042d2673ae,636.89,0,611.145,0,180,0,0,0,0,accessibleByScript;list=e_waypoint
